kepoi_name,period_days,orbital_dist_AU,planet_radius_earth,planet_type,stellar_mass_solar,stellar_temp_K,luminosity_solar,hz_inner_AU,hz_outer_AU,in_habitable_zone,koi_kepmag
K00115.03,3.4359,0.0437,0.55,Rocky (Earth-like),0.941,5779.0,1.1824,1.033,1.4897,False,12.791
K01168.01,856.6721,1.8017,3.87,Mini-Neptune,1.063,6449.0,2.6591,1.5491,2.234,True,13.997
K01169.01,0.6892,0.0156,1.32,Super-Earth,1.064,5630.0,0.8204,0.8605,1.2409,False,13.248
K00970.01,3.9886,0.0622,34.39,Super-Jupiter,2.016,4813.0,89.7317,8.999,12.9776,False,6.974
K00971.01,0.5331,0.0166,133.56,Super-Jupiter,2.166,8523.0,77.6934,8.3737,12.0757,False,7.748
K01174.01,129995.7784,44.9528,2.99,Mini-Neptune,0.717,4500.0,0.1939,0.4183,0.6033,False,13.447
K00972.02,7.8219,0.0975,2.78,Mini-Neptune,2.018,7221.0,43.8542,6.2911,9.0725,False,9.275
K00974.01,53.5058,0.2932,2.52,Mini-Neptune,1.174,6247.0,4.2422,1.9567,2.8217,False,9.582
K01118.01,7.3729,0.0737,2.67,Mini-Neptune,0.982,5973.0,1.3075,1.0863,1.5665,False,13.835
K00141.01,2.6242,0.0368,5.11,Gas Giant,0.963,5340.0,0.5896,0.7295,1.052,False,13.687
K01206.01,422.9177,1.1042,5.89,Gas Giant,1.004,5796.0,2.1112,1.3803,1.9906,False,13.642
K01154.01,6.8108,0.0798,26.06,Super-Jupiter,1.461,7226.0,10.5728,3.089,4.4547,False,12.628
K01032.01,1500.1407,2.6339,18.35,Super-Jupiter,1.083,5009.0,2.9438,1.63,2.3506,False,13.862
K01431.01,345.1589,0.9732,7.79,Gas Giant,1.032,5597.0,0.7632,0.8299,1.1969,True,13.46
K01242.01,99.6443,0.4274,8.48,Gas Giant,1.049,6102.0,1.284,1.0765,1.5524,False,13.75
K01315.01,6.8464,0.0732,1.9,Super-Earth,1.115,6065.0,2.0833,1.3712,1.9774,False,13.137
K01445.02,54.3256,0.2994,0.76,Rocky (Earth-like),1.213,6343.0,1.8775,1.3017,1.8772,False,12.32
K01271.01,162.048,0.6339,11.52,Super-Jupiter,1.294,6309.0,3.4904,1.7748,2.5595,False,13.632
K01208.01,700.003,1.61,6.43,Gas Giant,1.136,6487.0,1.9859,1.3388,1.9306,True,13.594
K01619.01,20.6654,0.129,0.66,Rocky (Earth-like),0.671,4830.0,0.2231,0.4487,0.6471,False,11.759
K01622.01,69.8348,0.4018,3.51,Mini-Neptune,1.774,7732.0,13.1105,3.4398,4.9606,False,12.02
K01639.02,9.9824,0.0934,1.17,Rocky (Earth-like),1.092,6273.0,1.8023,1.2754,1.8392,False,13.538
K01537.01,10.1915,0.0966,1.39,Super-Earth,1.156,6212.0,3.7888,1.8492,2.6667,False,11.74
K01597.01,7.7967,0.0847,2.44,Mini-Neptune,1.334,6521.0,2.6415,1.544,2.2266,False,12.681
K01962.01,32.8586,0.2004,2.31,Mini-Neptune,0.995,5899.0,2.1722,1.4001,2.0192,False,10.77
K01964.01,2.2293,0.0324,0.6,Rocky (Earth-like),0.914,5587.0,0.6541,0.7683,1.108,False,10.687
K01972.01,17.7911,0.1297,2.88,Mini-Neptune,0.92,5855.0,1.8932,1.3071,1.885,False,13.8
K02042.01,63.0732,0.4142,17.8,Super-Jupiter,2.382,6234.0,54.7081,7.0267,10.1332,False,13.089
K01784.01,5.0074,0.0579,8.8,Gas Giant,1.034,5957.0,1.2267,1.0522,1.5174,False,13.592
K01861.01,17.5044,0.1289,3.56,Mini-Neptune,0.933,5815.0,1.8119,1.2788,1.8441,False,13.926
K02009.01,86.7491,0.3704,2.23,Mini-Neptune,0.901,5579.0,0.8178,0.8591,1.2389,False,13.82
K01803.01,4.5393,0.0495,2.34,Mini-Neptune,0.783,4914.0,0.2742,0.4975,0.7174,False,13.26
K02272.01,1.3415,0.0287,1.31,Super-Earth,1.754,7495.0,16.1588,3.8188,5.5071,False,12.783
K02370.01,78.7327,0.4188,7.76,Gas Giant,1.581,6715.0,13.9263,3.5452,5.1126,False,13.003
K02295.01,16.2909,0.1178,0.52,Rocky (Earth-like),0.822,5425.0,0.4936,0.6674,0.9625,False,11.671
K02298.01,16.6671,0.1036,0.7,Rocky (Earth-like),0.534,4729.0,0.1237,0.3341,0.4818,False,13.831
K02222.01,34.1357,0.2835,13.98,Super-Jupiter,2.607,7818.0,103.4286,9.6615,13.9329,False,12.963
K02312.01,176.3313,0.6478,2.38,Mini-Neptune,1.166,6146.0,6.4865,2.4195,3.4892,False,12.982
K02081.01,6.2141,0.0757,4.27,Gas Giant,1.501,5295.0,7.0069,2.5147,3.6265,False,13.439
K02159.01,7.5967,0.0745,1.32,Super-Earth,0.955,5716.0,1.14,1.0143,1.4628,False,13.482
K02324.01,1.2047,0.0222,1.55,Super-Earth,1.0,5780.0,1.0014,0.9507,1.371,False,11.671
K02169.04,2.1925,0.0324,0.37,Rocky (Earth-like),0.944,5450.0,0.5612,0.7117,1.0263,False,12.404
K02486.01,4.268,0.0523,1.42,Super-Earth,1.048,6395.0,2.2961,1.4395,2.0759,False,13.047
K02641.01,3.5556,0.0444,0.84,Rocky (Earth-like),0.926,5839.0,1.221,1.0497,1.5138,False,13.845
K02577.01,18.5558,0.1918,20.83,Super-Jupiter,2.734,5988.0,90.1612,9.0206,13.0086,False,13.506
K02657.01,5.224,0.0555,0.58,Rocky (Earth-like),0.837,5487.0,0.5738,0.7196,1.0378,False,12.869
K02516.01,2.8104,0.041,1.43,Super-Earth,1.164,5415.0,3.3342,1.7347,2.5016,False,13.388
K02603.01,73.711,0.374,1.77,Super-Earth,1.284,6374.0,3.341,1.7364,2.5041,False,12.643
K02384.01,62.6826,0.3583,39.8,Super-Jupiter,1.562,7058.0,21.4102,4.3958,6.3391,False,13.072
K02534.02,5.422,0.0617,1.39,Super-Earth,1.066,6123.0,2.0117,1.3474,1.9431,False,13.925
K02610.01,24.1073,0.187,2.74,Mini-Neptune,1.502,6585.0,10.6876,3.1057,4.4788,False,12.605
K02840.01,3.6794,0.043,0.92,Rocky (Earth-like),0.781,5676.0,0.6697,0.7774,1.1211,False,13.884
K02840.02,7.4465,0.0687,0.77,Rocky (Earth-like),0.781,5676.0,0.6697,0.7774,1.1211,False,13.884
K02706.01,3.0976,0.0462,1.75,Super-Earth,1.374,6329.0,5.1151,2.1486,3.0985,False,10.268
K00272.01,1.2813,0.0221,4.52,Gas Giant,0.881,5918.0,2.8032,1.5906,2.2938,False,12.107
K02935.01,27.8813,0.1828,1.54,Super-Earth,1.048,6434.0,1.7113,1.2428,1.7922,False,13.603
K02712.01,7.5079,0.0825,1.77,Super-Earth,1.329,6408.0,2.7042,1.5622,2.2529,False,11.125
K00268.01,110.3784,0.4752,3.02,Mini-Neptune,1.175,6342.0,2.6806,1.5554,2.243,False,10.56
K02859.03,4.2889,0.0454,0.57,Rocky (Earth-like),0.68,5374.0,0.389,0.5925,0.8545,False,13.851
K02949.01,10.1747,0.0924,1.04,Rocky (Earth-like),1.016,5866.0,1.9047,1.3111,1.8907,False,13.313
K02720.01,6.5716,0.0693,1.26,Super-Earth,1.029,6042.0,2.4519,1.4876,2.1452,False,10.338
K02807.01,3.3757,0.0458,2.34,Mini-Neptune,1.122,6310.0,2.3377,1.4525,2.0947,False,13.91
K02968.01,10.1644,0.1028,1.99,Super-Earth,1.401,6133.0,9.3222,2.9006,4.1829,False,11.912
K02677.01,237.7872,0.7707,9.91,Gas Giant,1.08,5185.0,2.2266,1.4176,2.0443,False,13.46
K02813.01,0.6985,0.0199,14.81,Super-Jupiter,2.17,4676.0,67.6439,7.8134,11.2677,False,13.586
K02679.01,110.7556,0.5208,29.64,Super-Jupiter,1.536,6525.0,11.5767,3.2323,4.6614,False,13.455
K02833.01,1.7919,0.0303,1.48,Super-Earth,1.156,6002.0,5.3272,2.1927,3.1621,False,12.599
K02906.02,145.8819,0.5646,1.8,Super-Earth,1.128,6052.0,2.4407,1.4842,2.1403,False,13.716
K02696.01,96.4562,0.4917,9.1,Gas Giant,1.704,7029.0,16.0132,3.8016,5.4823,False,12.998
K02696.02,44.5644,0.2938,5.8,Gas Giant,1.704,7029.0,16.0132,3.8016,5.4823,False,12.998
K02758.01,253.3746,1.0071,19.25,Super-Jupiter,2.122,5177.0,22.8082,4.537,6.5428,False,11.893
K02914.01,21.1182,0.169,2.89,Mini-Neptune,1.443,6461.0,10.2944,3.0481,4.3956,False,12.199
K02915.01,5.0609,0.0565,0.98,Rocky (Earth-like),0.939,5637.0,0.7518,0.8237,1.1879,False,13.346
K00304.02,5.5182,0.0607,0.46,Rocky (Earth-like),0.979,5767.0,0.7703,0.8338,1.2024,False,12.549
K00366.01,75.1122,0.4153,23.23,Super-Jupiter,1.694,6201.0,14.9232,3.6699,5.2924,False,11.714
K03017.01,2.4629,0.0338,0.67,Rocky (Earth-like),0.848,5893.0,1.0118,0.9556,1.3781,False,13.308
K03020.01,10.9193,0.1033,1.9,Super-Earth,1.234,5745.0,3.8007,1.8521,2.6709,False,13.534
K00064.01,1.9511,0.033,10.35,Gas Giant,1.258,5302.0,4.1728,1.9406,2.7986,False,13.143
K00379.02,23.1376,0.1728,1.83,Super-Earth,1.285,6078.0,3.4682,1.7692,2.5514,False,13.319
K03111.01,10.768,0.094,0.92,Rocky (Earth-like),0.954,5874.0,1.2831,1.0761,1.5519,False,12.863
K03111.02,4.3285,0.0512,0.66,Rocky (Earth-like),0.954,5874.0,1.2831,1.0761,1.5519,False,12.863
K00319.01,46.1512,0.2666,10.02,Gas Giant,1.187,5877.0,4.1243,1.9293,2.7822,False,12.711
K00005.01,4.7803,0.059,7.14,Gas Giant,1.197,5937.0,3.5596,1.7924,2.5848,False,11.665
K03114.01,7.4913,0.0762,1.01,Rocky (Earth-like),1.051,6177.0,3.8194,1.8566,2.6774,False,12.277
K03117.01,6.0666,0.0643,0.87,Rocky (Earth-like),0.963,5569.0,0.6866,0.7872,1.1352,False,13.163
K03128.01,21.236,0.165,2.62,Mini-Neptune,1.328,6035.0,7.7936,2.6521,3.8246,False,13.371
K00396.01,14.5915,0.1166,36.85,Super-Jupiter,0.993,5940.0,1.9227,1.3173,1.8997,False,13.311
K03132.01,0.5367,0.0138,1.35,Super-Earth,1.22,6020.0,4.7134,2.0625,2.9743,False,12.649
K02971.01,6.096,0.0717,1.26,Super-Earth,1.325,6313.0,3.0669,1.6637,2.3992,False,12.742
K03052.01,10.1296,0.0876,0.78,Rocky (Earth-like),0.874,5383.0,0.5341,0.6943,1.0012,False,13.573
K02984.01,11.4554,0.1077,1.12,Rocky (Earth-like),1.269,6231.0,2.4868,1.4981,2.1604,False,13.066
K00350.01,12.9907,0.1071,2.02,Mini-Neptune,0.971,5787.0,1.0613,0.9787,1.4114,False,13.387
K00353.01,152.106,0.5856,11.58,Super-Jupiter,1.158,6200.0,3.5657,1.7939,2.587,False,13.374
K00298.02,57.384,0.2692,1.62,Super-Earth,0.79,5250.0,0.4254,0.6196,0.8936,False,12.713
K04146.02,2.5738,0.0341,0.57,Rocky (Earth-like),0.798,5115.0,0.4479,0.6358,0.9169,False,13.632
K03083.01,10.1832,0.0958,0.79,Rocky (Earth-like),1.131,5843.0,1.2288,1.0531,1.5187,False,12.857
K03083.02,6.2321,0.0691,0.61,Rocky (Earth-like),1.131,5843.0,1.2288,1.0531,1.5187,False,12.857
K03083.03,8.2943,0.0836,0.65,Rocky (Earth-like),1.131,5843.0,1.2288,1.0531,1.5187,False,12.857
K02298.03,2.4724,0.029,0.36,Rocky (Earth-like),0.534,4729.0,0.1237,0.3341,0.4818,False,13.831
K04288.04,13.951,0.1148,0.75,Rocky (Earth-like),1.036,5888.0,1.6235,1.2105,1.7456,False,12.4
K04260.04,84.7998,0.3576,1.16,Rocky (Earth-like),0.848,5619.0,1.7681,1.2632,1.8217,False,11.443
K00317.02,11.5059,0.1095,0.99,Rocky (Earth-like),1.324,6336.0,2.8462,1.6027,2.3113,False,12.885
K01613.03,20.6055,0.1458,0.85,Rocky (Earth-like),0.974,6099.0,2.1239,1.3845,1.9966,False,11.049
K02593.02,9.5539,0.0948,0.68,Rocky (Earth-like),1.244,6175.0,2.2284,1.4181,2.0451,False,11.714
K03209.02,6.7707,0.0812,1.9,Super-Earth,1.556,6337.0,7.8886,2.6682,3.8479,False,11.915
K01815.02,1.7461,0.0281,1.24,Rocky (Earth-like),0.97,4854.0,1.5236,1.1726,1.691,False,13.884
K03226.02,6.9365,0.0785,1.51,Super-Earth,1.343,6615.0,4.2562,1.9599,2.8264,False,12.209
K02678.02,2.2166,0.0319,0.48,Rocky (Earth-like),0.878,5397.0,0.5257,0.6888,0.9933,False,11.799
K00331.02,10.5229,0.0952,23.26,Super-Jupiter,1.038,5548.0,2.2143,1.4136,2.0386,False,13.497
K00075.01,105.8818,0.4782,10.16,Gas Giant,1.301,5903.0,6.8032,2.4779,3.5734,False,10.775
K02906.03,21.9424,0.1597,1.23,Rocky (Earth-like),1.128,6052.0,2.4407,1.4842,2.1403,False,13.716
K07624.01,330.025,1.1063,5.92,Gas Giant,1.658,6126.0,15.1794,3.7013,5.3376,False,12.668
K00076.01,77.4795,0.4209,10.33,Gas Giant,1.657,6711.0,15.4002,3.7281,5.3763,False,10.143
K04773.02,11.1438,0.0978,0.75,Rocky (Earth-like),1.004,6095.0,1.5256,1.1734,1.6922,False,13.556
K05007.02,80.8818,0.3825,2.27,Mini-Neptune,1.141,5934.0,3.9528,1.8888,2.7238,False,13.698
K00080.01,9.2506,0.1096,96.08,Super-Jupiter,2.053,8133.0,42.5932,6.2,8.9411,False,11.31
K07628.01,1.8134,0.0264,0.69,Rocky (Earth-like),0.743,5094.0,0.296,0.5169,0.7454,False,13.961
K00682.01,562.1726,1.3446,10.9,Gas Giant,1.026,5589.0,1.4546,1.1458,1.6523,True,13.916
K00683.01,278.1244,0.8416,5.86,Gas Giant,1.028,5799.0,1.1186,1.0048,1.449,False,13.714
K00684.01,4.0349,0.0509,6.95,Gas Giant,1.079,5548.0,2.7327,1.5704,2.2647,False,13.831
K00686.01,52.5135,0.2674,12.43,Super-Jupiter,0.925,5589.0,0.8408,0.8711,1.2562,False,13.579
K00687.01,4.1784,0.053,3.13,Mini-Neptune,1.136,5746.0,2.7834,1.5849,2.2856,False,13.813
K00099.01,2190.701,2.9438,3.12,Mini-Neptune,0.709,4965.0,0.2953,0.5162,0.7445,False,12.96
K00100.01,9.9664,0.1059,16.89,Super-Jupiter,1.595,6638.0,16.5142,3.8606,5.5674,False,12.598
K00641.01,14.8519,0.1035,2.73,Mini-Neptune,0.671,4129.0,0.1109,0.3164,0.4562,False,13.583
K00648.01,10.4749,0.109,15.45,Super-Jupiter,1.573,6526.0,16.9989,3.9168,5.6485,False,13.22
K04388.02,61.8589,0.3426,2.47,Mini-Neptune,1.402,5529.0,6.6535,2.4505,3.5338,False,12.045
K07621.01,275.0736,0.7884,1.86,Super-Earth,0.864,5604.0,1.2468,1.0608,1.5297,False,10.15
K00716.01,26.8932,0.1742,6.78,Gas Giant,0.975,6096.0,1.0215,0.9602,1.3846,False,13.754
K07638.01,25.0032,0.1766,1.47,Super-Earth,1.176,6148.0,3.6394,1.8123,2.6136,False,12.55
K00626.02,8.0292,0.0787,0.99,Rocky (Earth-like),1.009,6063.0,1.7197,1.2458,1.7966,False,13.49
K04136.01,2.4175,0.0348,1.19,Rocky (Earth-like),0.965,5575.0,1.4828,1.1568,1.6683,False,13.955
K04136.02,4.0336,0.049,1.23,Rocky (Earth-like),0.965,5575.0,1.4828,1.1568,1.6683,False,13.955
K04021.01,7.2353,0.0782,1.53,Super-Earth,1.22,6422.0,3.0815,1.6676,2.4049,False,13.166
K04152.01,64.1862,0.3683,8.0,Gas Giant,1.618,6951.0,15.9319,3.7919,5.4683,False,12.972
K04021.02,4.9321,0.0606,1.02,Rocky (Earth-like),1.22,6422.0,3.0815,1.6676,2.4049,False,13.166
K04022.01,4.8582,0.0595,2.04,Mini-Neptune,1.188,6109.0,6.7607,2.4701,3.5622,False,13.269
K04097.02,4.449,0.0458,0.55,Rocky (Earth-like),0.648,4353.0,0.1171,0.3251,0.4688,False,13.435
K04098.01,1.1217,0.0222,2.39,Mini-Neptune,1.157,5023.0,3.7753,1.8459,2.6619,False,13.875
K04037.01,215.956,0.7432,3.36,Mini-Neptune,1.174,6163.0,2.2315,1.4191,2.0465,False,12.853
K07645.01,2.0087,0.0277,0.55,Rocky (Earth-like),0.705,5341.0,0.4206,0.6161,0.8885,False,12.334
K04123.01,44.6227,0.2461,1.73,Super-Earth,0.998,6198.0,2.0325,1.3544,1.9532,False,13.519
K07673.01,80.7699,0.3624,1.87,Super-Earth,0.973,4965.0,1.5905,1.1981,1.7278,False,13.026
K04060.01,225.2621,0.719,2.36,Mini-Neptune,0.977,5799.0,1.4392,1.1397,1.6435,False,13.841
K04129.01,2.3148,0.0322,0.69,Rocky (Earth-like),0.833,5240.0,0.5763,0.7212,1.04,False,13.506
K04341.01,10.7783,0.0972,1.25,Super-Earth,1.054,6726.0,2.9059,1.6194,2.3354,False,13.264
K04345.01,4.3271,0.0483,26.6,Super-Jupiter,0.804,5776.0,2.1141,1.3813,1.992,False,13.404
K02859.04,2.9051,0.035,0.57,Rocky (Earth-like),0.68,5374.0,0.389,0.5925,0.8545,False,13.851
K02585.03,7.8785,0.0751,0.78,Rocky (Earth-like),0.91,5767.0,1.2784,1.0741,1.549,False,13.455
K02949.02,3.7503,0.0475,0.87,Rocky (Earth-like),1.016,5866.0,1.9047,1.3111,1.8907,False,13.313
K04421.01,4.7269,0.0569,0.61,Rocky (Earth-like),1.1,5950.0,1.6085,1.2049,1.7375,False,12.788
K04212.02,10.099,0.0947,1.03,Rocky (Earth-like),1.109,6174.0,2.2646,1.4296,2.0617,False,13.96
K04287.01,13.123,0.1148,1.29,Super-Earth,1.173,6134.0,3.5212,1.7827,2.5708,False,11.265
K02590.02,22.7909,0.1711,1.38,Super-Earth,1.286,6311.0,3.8373,1.861,2.6837,False,11.638
K04426.01,369.1324,1.0346,2.14,Mini-Neptune,1.084,6282.0,2.9337,1.6272,2.3465,False,13.665
K04288.02,9.0875,0.0862,0.73,Rocky (Earth-like),1.036,5888.0,1.6235,1.2105,1.7456,False,12.4
K04296.01,2.4939,0.0333,0.59,Rocky (Earth-like),0.79,5615.0,0.6444,0.7626,1.0998,False,13.03
K02722.05,16.534,0.1277,1.17,Rocky (Earth-like),1.015,6052.0,1.739,1.2528,1.8066,False,13.268
K04443.01,5.6758,0.0679,1.22,Rocky (Earth-like),1.294,6681.0,3.6964,1.8265,2.634,False,13.802
K04226.01,49.5647,0.2833,1.63,Super-Earth,1.234,5907.0,2.2714,1.4318,2.0647,False,12.83
K04298.01,2.8949,0.0447,1.16,Rocky (Earth-like),1.418,7087.0,6.4184,2.4068,3.4708,False,13.458
K04367.01,170.9957,0.6753,4.9,Gas Giant,1.405,6127.0,4.972,2.1183,3.0548,False,13.985
K04431.01,19.5651,0.1462,0.97,Rocky (Earth-like),1.09,6180.0,1.9961,1.3422,1.9356,False,12.674
K04302.01,5.5331,0.0622,1.05,Rocky (Earth-like),1.047,6170.0,2.6403,1.5437,2.2261,False,13.591
K04435.01,10.8614,0.0981,1.01,Rocky (Earth-like),1.069,6339.0,1.4984,1.1629,1.677,False,13.517
K07662.01,4.7252,0.0652,3.98,Mini-Neptune,1.653,6655.0,25.8289,4.8281,6.9626,False,12.358
K04235.01,66.6435,0.33,2.99,Mini-Neptune,1.079,5751.0,1.3297,1.0955,1.5798,False,13.224
K02563.02,6.2614,0.0675,0.81,Rocky (Earth-like),1.046,6384.0,1.8727,1.3,1.8748,False,13.973
K04377.01,19.8751,0.1657,2.49,Mini-Neptune,1.536,6918.0,8.2529,2.7291,3.9357,False,13.543
K02732.04,24.5607,0.1796,1.13,Rocky (Earth-like),1.282,6170.0,2.9217,1.6238,2.3417,False,12.805
K04245.01,24.6684,0.1786,1.76,Super-Earth,1.249,6059.0,2.9201,1.6234,2.3411,False,13.572
K04318.01,14.8163,0.1251,1.57,Super-Earth,1.191,6356.0,2.5707,1.5232,2.1966,False,12.583
K04251.01,6.2397,0.0653,1.55,Super-Earth,0.956,5751.0,1.2822,1.0757,1.5513,False,13.795
K04257.01,41.6758,0.2374,2.1,Mini-Neptune,1.027,5745.0,3.0378,1.6558,2.3878,False,13.34
K04323.01,11.4959,0.1036,1.59,Super-Earth,1.123,6290.0,3.1852,1.6955,2.4451,False,13.582
K04329.01,17.8008,0.1423,1.02,Rocky (Earth-like),1.214,6240.0,2.1322,1.3872,2.0005,False,12.018
K04331.01,1.7179,0.0309,1.45,Super-Earth,1.333,6694.0,5.4042,2.2085,3.1848,False,13.228
K00647.02,8.1135,0.078,0.92,Rocky (Earth-like),0.963,6011.0,2.3254,1.4487,2.0891,False,13.55
K04399.01,42.1003,0.2301,1.42,Super-Earth,0.917,5595.0,0.5912,0.7305,1.0534,False,11.965
K04198.01,1.1829,0.0237,1.26,Super-Earth,1.269,6017.0,8.1901,2.7187,3.9207,False,12.638
K04269.02,4.4409,0.0588,1.74,Super-Earth,1.373,5159.0,5.9588,2.319,3.3443,False,13.263
K04407.01,1.3381,0.0257,0.6,Rocky (Earth-like),1.269,6355.0,2.5459,1.5158,2.186,False,11.179
K04273.01,17.3732,0.1409,1.31,Super-Earth,1.237,6180.0,3.1037,1.6736,2.4136,False,12.677
K07685.01,64.7403,0.3076,1.35,Super-Earth,0.926,5999.0,1.6097,1.2053,1.7382,False,13.219
K04482.01,5.383,0.0627,0.78,Rocky (Earth-like),1.135,6256.0,2.2976,1.44,2.0766,False,12.642
K07680.01,219.2058,0.8172,2.66,Mini-Neptune,1.515,6990.0,6.8246,2.4818,3.579,False,12.449
K04557.01,5.7565,0.0646,0.83,Rocky (Earth-like),1.086,6208.0,1.3973,1.123,1.6194,False,13.666
K04699.01,3.0771,0.0435,1.08,Rocky (Earth-like),1.162,6108.0,2.2289,1.4183,2.0453,False,12.889
K04633.01,11.6933,0.1068,1.12,Rocky (Earth-like),1.189,6049.0,2.2022,1.4098,2.0331,False,13.848
K04634.01,4.0275,0.0493,0.98,Rocky (Earth-like),0.987,6174.0,1.4127,1.1291,1.6283,False,13.685
K03196.01,4.9606,0.0584,0.59,Rocky (Earth-like),1.079,6117.0,2.1164,1.382,1.9931,False,11.525
K03165.01,4.1175,0.0526,1.02,Rocky (Earth-like),1.147,6263.0,4.1125,1.9265,2.7783,False,10.335
K04637.01,4.3799,0.0575,0.81,Rocky (Earth-like),1.324,6311.0,5.2358,2.1738,3.1348,False,10.438
K04567.01,14.7443,0.1179,8.1,Gas Giant,1.006,6146.0,1.2471,1.0609,1.5299,False,13.775
K03197.01,22.5995,0.1573,0.96,Rocky (Earth-like),1.017,6335.0,1.7074,1.2413,1.7901,False,11.531
K04575.01,201.325,0.7349,1.98,Super-Earth,1.306,6120.0,3.6331,1.8108,2.6113,False,13.174
K04647.01,37.9044,0.2239,1.97,Super-Earth,1.042,5303.0,2.7369,1.5716,2.2665,False,13.726
K03196.02,6.883,0.0726,0.77,Rocky (Earth-like),1.079,6117.0,2.1164,1.382,1.9931,False,11.525
K04713.01,8.7963,0.0834,1.36,Super-Earth,1.0,5780.0,1.0014,0.9507,1.371,False,13.641
K04715.01,53.2856,0.2579,1.44,Super-Earth,0.806,6015.0,1.3121,1.0882,1.5693,False,13.98
K04716.01,5.8943,0.0657,0.61,Rocky (Earth-like),1.087,5929.0,1.4535,1.1453,1.6517,False,12.322
K04505.01,18.0071,0.1355,1.05,Rocky (Earth-like),1.023,6173.0,1.7743,1.2654,1.8249,False,13.615
K04580.01,6.3043,0.0708,1.23,Rocky (Earth-like),1.192,6728.0,6.197,2.3649,3.4104,False,13.01
K04651.01,1.1926,0.0207,0.77,Rocky (Earth-like),0.837,5600.0,0.9054,0.9039,1.3036,False,13.818
K04581.01,6.006,0.0657,0.73,Rocky (Earth-like),1.05,6103.0,1.6749,1.2295,1.773,False,13.549
K04582.01,4.2243,0.0494,0.35,Rocky (Earth-like),0.903,5735.0,0.7567,0.8264,1.1917,False,11.756
K03168.01,56.348,0.2841,1.06,Rocky (Earth-like),0.963,5843.0,2.2629,1.4291,2.0609,False,10.455
K04653.01,19.9779,0.1545,1.07,Rocky (Earth-like),1.232,6392.0,2.0223,1.351,1.9482,False,13.52
K04656.01,3.8184,0.0529,1.39,Super-Earth,1.351,6738.0,5.2944,2.1859,3.1523,False,13.821
K04588.01,7.5374,0.0802,0.93,Rocky (Earth-like),1.212,6483.0,3.2682,1.7174,2.4767,False,12.912
K04657.01,7.576,0.0715,0.54,Rocky (Earth-like),0.848,5361.0,0.444,0.633,0.9129,False,13.241
K04452.01,12.8576,0.1045,1.23,Rocky (Earth-like),0.922,5860.0,1.4138,1.1296,1.629,False,13.821
K07685.02,33.5029,0.1983,1.08,Rocky (Earth-like),0.926,5999.0,1.6097,1.2053,1.7382,False,13.219
K07676.01,5.3694,0.059,0.62,Rocky (Earth-like),0.951,5753.0,0.7422,0.8184,1.1803,False,13.786
K04663.01,5.6569,0.0618,0.74,Rocky (Earth-like),0.986,5687.0,1.6352,1.2148,1.7519,False,12.715
K04457.01,79.3343,0.3646,1.56,Super-Earth,1.027,6384.0,1.9709,1.3337,1.9233,False,13.815
K04528.01,8.3122,0.0726,10.63,Gas Giant,0.739,5421.0,0.5159,0.6823,0.984,False,13.019
K07687.01,23.2666,0.1821,2.66,Mini-Neptune,1.487,5758.0,14.0543,3.5615,5.136,False,13.047
K04601.01,7.94,0.0812,0.98,Rocky (Earth-like),1.132,6278.0,1.6286,1.2124,1.7483,False,13.757
K03190.01,8.9529,0.0838,0.86,Rocky (Earth-like),0.98,6047.0,1.7477,1.2559,1.8111,False,11.458
K04674.01,4.8435,0.0542,0.9,Rocky (Earth-like),0.906,5762.0,1.1028,0.9976,1.4387,False,13.59
K04462.01,45.163,0.2942,2.35,Mini-Neptune,1.665,7675.0,12.6402,3.3775,4.8708,False,11.069
K04603.01,15.9514,0.1311,1.17,Rocky (Earth-like),1.181,6451.0,2.1197,1.3831,1.9946,False,13.629
K04605.01,7.7859,0.0767,0.68,Rocky (Earth-like),0.994,6045.0,1.0904,0.992,1.4306,False,13.515
K04676.01,31.1837,0.2158,3.21,Mini-Neptune,1.378,5947.0,6.5018,2.4224,3.4933,False,13.931
K07678.01,13.0915,0.1104,0.79,Rocky (Earth-like),1.048,5919.0,1.8269,1.284,1.8517,False,11.993
K04614.01,6.4547,0.0718,1.38,Super-Earth,1.185,6474.0,2.9237,1.6244,2.3425,False,13.784
K04686.01,11.8299,0.1127,1.6,Super-Earth,1.365,5747.0,5.784,2.2847,3.2948,False,12.327
K04546.01,0.7418,0.0186,72.36,Super-Jupiter,1.566,5897.0,10.745,3.1141,4.4908,False,13.469
K04907.01,4.0448,0.051,0.67,Rocky (Earth-like),1.082,6358.0,1.9087,1.3125,1.8927,False,13.778
K07712.01,4.8302,0.0535,1.06,Rocky (Earth-like),0.877,5086.0,3.0311,1.654,2.3852,False,11.994
K04839.01,21.842,0.162,2.01,Mini-Neptune,1.189,6194.0,6.6322,2.4465,3.5282,False,13.547
K04771.01,142.7039,0.5821,1.95,Super-Earth,1.292,6701.0,3.0058,1.647,2.3752,False,13.964
K04913.01,6.7879,0.0834,2.44,Mini-Neptune,1.677,6537.0,13.112,3.44,4.9608,False,13.36
K03224.01,3.4386,0.0435,1.01,Rocky (Earth-like),0.926,5383.0,1.4786,1.1552,1.6659,False,12.192
K03225.01,4.8755,0.0546,0.8,Rocky (Earth-like),0.911,5513.0,1.3706,1.1122,1.6039,False,12.207
K04773.01,8.8494,0.0838,0.82,Rocky (Earth-like),1.004,6095.0,1.5256,1.1734,1.6922,False,13.556
K04774.01,51.5678,0.2539,1.3,Super-Earth,0.821,5285.0,0.5371,0.6962,1.004,False,13.882
K04775.01,16.4492,0.1437,2.75,Mini-Neptune,1.464,5334.0,5.6494,2.258,3.2563,False,12.999
K03310.01,20.5513,0.1415,1.64,Super-Earth,0.894,5401.0,0.6434,0.762,1.0989,False,13.55
K03236.01,7.1304,0.0819,1.18,Rocky (Earth-like),1.443,6312.0,6.126,2.3513,3.3909,False,12.31
K03206.01,15.1516,0.1198,1.38,Super-Earth,1.0,5780.0,1.0014,0.9507,1.371,False,11.843
K03248.01,6.9126,0.0701,0.64,Rocky (Earth-like),0.96,5761.0,1.0772,0.986,1.4219,False,12.419
K03208.01,2.1317,0.0321,0.56,Rocky (Earth-like),0.967,5849.0,1.0438,0.9706,1.3997,False,11.893
K04864.01,5.6649,0.0593,0.78,Rocky (Earth-like),0.865,5888.0,1.3769,1.1147,1.6076,False,13.221
K03209.01,11.9126,0.1183,2.61,Mini-Neptune,1.556,6337.0,7.8886,2.6682,3.8479,False,11.915
K04871.01,4.082,0.051,0.6,Rocky (Earth-like),1.061,6538.0,2.1907,1.4061,2.0277,False,13.05
K04878.01,449.015,1.1368,1.04,Rocky (Earth-like),0.972,6031.0,1.3539,1.1054,1.5941,True,12.291
K01151.04,17.4533,0.1242,0.76,Rocky (Earth-like),0.838,5528.0,0.6096,0.7417,1.0697,False,13.404
K07708.01,6.7024,0.0691,1.82,Super-Earth,0.979,5466.0,3.9613,1.8908,2.7267,False,12.954
K04811.01,21.7434,0.1518,2.23,Mini-Neptune,0.987,5767.0,2.224,1.4167,2.0431,False,13.816
K04881.01,5.6795,0.0648,1.16,Rocky (Earth-like),1.127,6514.0,4.0583,1.9138,2.7599,False,12.892
K03202.01,92.4611,0.4266,2.86,Mini-Neptune,1.211,5132.0,4.3639,1.9845,2.8619,False,11.784
K04813.01,9.2295,0.0734,0.82,Rocky (Earth-like),0.618,4781.0,0.1665,0.3876,0.559,False,13.78
K01151.05,21.7203,0.1436,0.8,Rocky (Earth-like),0.838,5528.0,0.6096,0.7417,1.0697,False,13.404
K04818.01,3.7989,0.0547,1.46,Super-Earth,1.511,6831.0,8.6645,2.7964,4.0327,False,13.008
K03203.01,96.8165,0.4594,3.19,Mini-Neptune,1.38,6404.0,9.184,2.879,4.1518,False,11.816
K04822.01,3.5141,0.0461,0.69,Rocky (Earth-like),1.058,6201.0,1.2976,1.0822,1.5606,False,13.474
K04823.01,4.965,0.0566,1.51,Super-Earth,0.982,5339.0,2.9482,1.6312,2.3523,False,12.739
K04833.01,4.3172,0.0515,1.01,Rocky (Earth-like),0.979,5992.0,1.9848,1.3384,1.9301,False,13.6
K04834.01,3.741,0.0546,1.85,Super-Earth,1.554,5110.0,6.3863,2.4008,3.4621,False,13.096
K01613.02,94.0944,0.4014,0.9,Rocky (Earth-like),0.974,6099.0,2.1239,1.3845,1.9966,False,11.049
K07764.01,227.8346,0.7634,2.83,Mini-Neptune,1.143,6004.0,5.607,2.2495,3.244,False,13.845
K07735.01,382.3031,1.1318,4.05,Gas Giant,1.323,5993.0,7.7637,2.647,3.8173,False,13.104
K03371.01,58.1264,0.2868,1.32,Super-Earth,0.931,5413.0,0.5179,0.6837,0.9859,False,13.747
K03444.01,12.6714,0.0864,0.76,Rocky (Earth-like),0.536,3705.0,0.0473,0.2066,0.298,False,13.693
K03444.02,60.3267,0.2445,4.98,Gas Giant,0.536,3705.0,0.0473,0.2066,0.298,True,13.693
K03444.03,2.636,0.0303,0.5,Rocky (Earth-like),0.536,3705.0,0.0473,0.2066,0.298,False,13.693
K07780.01,5.3361,0.0647,1.52,Super-Earth,1.267,6742.0,7.6541,2.6283,3.7902,False,12.691
K03384.01,10.5484,0.096,3.89,Mini-Neptune,1.059,6047.0,1.4305,1.1362,1.6386,False,13.204
K07749.01,133.6348,0.4815,1.89,Super-Earth,0.834,5202.0,0.5537,0.7069,1.0194,False,13.623
K07750.01,494.4851,1.3737,5.03,Gas Giant,1.414,6303.0,9.2296,2.8861,4.1621,False,12.088
K00332.02,6.8667,0.0745,0.79,Rocky (Earth-like),1.172,5914.0,1.4139,1.1296,1.629,False,13.046
K03398.03,4.3271,0.0632,3.58,Mini-Neptune,1.801,5745.0,15.2877,3.7145,5.3566,False,13.489
K03473.01,27.6371,0.1929,6.96,Gas Giant,1.254,5214.0,3.9058,1.8775,2.7075,False,13.851
K07729.01,50.5637,0.3099,1.57,Super-Earth,1.552,6759.0,7.6556,2.6285,3.7906,False,10.948
K03340.01,8.954,0.0822,0.84,Rocky (Earth-like),0.925,6168.0,1.1646,1.0252,1.4785,False,13.776
K03340.02,13.7281,0.1093,1.06,Rocky (Earth-like),0.925,6168.0,1.1646,1.0252,1.4785,False,13.776
K03421.01,40.6511,0.2491,1.7,Super-Earth,1.247,6297.0,2.6438,1.5447,2.2276,False,13.935
K07775.01,89.9458,0.3781,3.46,Mini-Neptune,0.891,5115.0,2.2734,1.4324,2.0657,False,13.64
K03422.01,40.1455,0.3194,13.01,Super-Jupiter,2.697,7852.0,174.9362,12.565,18.1201,False,13.201
K07733.01,1.0481,0.0246,4.52,Gas Giant,1.799,7673.0,32.1249,5.3845,7.765,False,11.86
K03496.02,8.5434,0.09,1.58,Super-Earth,1.333,6602.0,4.8394,2.0899,3.0138,False,13.932
K03500.02,4.7483,0.062,1.57,Super-Earth,1.408,6056.0,7.4283,2.5892,3.7339,False,13.214
K03431.01,19.6001,0.1432,2.08,Mini-Neptune,1.019,6003.0,1.012,0.9557,1.3782,False,13.874
K03823.01,202.1168,0.6659,5.8,Gas Giant,0.964,5536.0,0.7086,0.7997,1.1532,False,13.922
K03777.01,17.7476,0.1904,146.63,Super-Jupiter,2.922,8992.0,136.9522,11.1175,16.0326,False,11.5
K02059.02,2.1857,0.0307,0.44,Rocky (Earth-like),0.806,4997.0,0.3113,0.53,0.7644,False,12.906
K02029.04,4.7885,0.0515,0.63,Rocky (Earth-like),0.796,5208.0,0.3934,0.5959,0.8593,False,12.957
K03787.01,141.734,0.5182,10.3,Gas Giant,0.924,5606.0,0.7468,0.821,1.1839,False,13.891
K03864.02,18.2573,0.1236,0.94,Rocky (Earth-like),0.756,5014.0,0.3241,0.5408,0.7799,False,12.914
K07791.01,106.1873,0.4544,231.85,Super-Jupiter,1.11,3287.0,2450.7303,47.0296,67.8216,False,10.028
K03880.01,1.8037,0.0295,1.0,Rocky (Earth-like),1.054,6438.0,2.0955,1.3752,1.9832,False,10.762
K03811.01,290.1402,0.8423,11.58,Super-Jupiter,0.947,5631.0,1.4389,1.1396,1.6434,False,13.906
K02004.03,1.7211,0.0288,0.7,Rocky (Earth-like),1.071,5700.0,1.3098,1.0872,1.5679,False,13.351
K03891.01,47.1096,0.2647,78.98,Super-Jupiter,1.115,5258.0,5.2998,2.187,3.1539,False,13.731
K03741.02,18.5779,0.14,1.36,Super-Earth,1.06,6432.0,2.7779,1.5834,2.2834,False,13.306
K02158.02,6.6823,0.0764,2.09,Mini-Neptune,1.33,5343.0,4.5919,2.0357,2.9357,False,13.052
K01957.01,1.3868,0.0288,29.33,Super-Jupiter,1.66,6823.0,8.0681,2.6984,3.8914,False,12.655
K07818.01,2.5244,0.0393,1.53,Super-Earth,1.266,6461.0,7.7401,2.643,3.8115,False,13.063
K03991.01,1.5706,0.0249,1.37,Super-Earth,0.837,5519.0,0.7061,0.7983,1.1512,False,13.14
K01947.01,6.4229,0.0687,1.66,Super-Earth,1.049,6102.0,1.284,1.0765,1.5524,False,12.335
K07842.01,3.1114,0.0439,0.7,Rocky (Earth-like),1.169,6450.0,2.5164,1.507,2.1733,False,13.396
K02879.01,0.3391,0.0102,2.09,Mini-Neptune,1.216,5653.0,4.3663,1.9851,2.8627,False,12.771
K03936.01,141.6086,0.5025,2.98,Mini-Neptune,0.844,5083.0,0.4266,0.6205,0.8948,False,13.336
K07832.01,3.6092,0.0463,0.68,Rocky (Earth-like),1.014,6032.0,1.0251,0.9618,1.3871,False,13.534
K02135.02,20.189,0.1491,1.39,Super-Earth,1.085,6178.0,2.0981,1.3761,1.9844,False,13.573
K01411.01,305.0762,0.9108,7.82,Gas Giant,1.083,5716.0,1.2777,1.0738,1.5486,False,13.377
K07847.01,399.3759,1.102,3.93,Mini-Neptune,1.119,6098.0,3.2479,1.7121,2.469,False,13.281
K00969.01,17.512,0.1332,49.0,Super-Jupiter,1.027,5975.0,1.2897,1.0789,1.5558,False,12.336
K00972.02,7.8226,0.0981,1.73,Super-Earth,2.06,8002.0,31.3653,5.3204,7.6726,False,9.275
K00974.01,53.5061,0.3087,3.24,Mini-Neptune,1.37,6175.0,6.2564,2.3762,3.4268,False,9.582
K00976.01,52.5691,0.3367,89.0,Super-Jupiter,1.843,7822.0,8.8579,2.8274,4.0774,False,9.729
K00977.01,1.3538,0.0238,63.5,Super-Jupiter,0.976,4204.0,76.2972,8.2981,11.9667,False,10.523
K01118.01,7.373,0.0772,2.7,Mini-Neptune,1.13,6317.0,2.0231,1.3512,1.9486,False,13.835
K01020.01,54.3563,0.2881,59.0,Super-Jupiter,1.08,6059.0,2.5423,1.5147,2.1844,False,12.899
K02925.01,0.7165,0.0149,1.11,Rocky (Earth-like),0.863,5552.0,0.9044,0.9034,1.3029,False,13.458
K01032.01,650.0,1.5714,25.4,Super-Jupiter,1.225,5007.0,3.581,1.7977,2.5925,False,13.862
K00138.01,48.938,0.2971,23.3,Super-Jupiter,1.46,7060.0,6.7485,2.4679,3.559,False,13.96
K02612.02,7.573,0.0737,0.53,Rocky (Earth-like),0.932,5495.0,0.7555,0.8257,1.1908,False,11.83
K00141.01,2.6242,0.0373,5.43,Gas Giant,1.002,5425.0,0.6765,0.7814,1.1268,False,13.687
K01227.01,2.1553,0.032,28.0,Super-Jupiter,0.944,5674.0,0.6562,0.7696,1.1098,False,13.997
K01230.01,165.7211,0.6714,37.1,Super-Jupiter,1.47,5148.0,10.6964,3.107,4.4806,False,12.263
K01242.01,99.6436,0.4458,52.0,Super-Jupiter,1.19,6446.0,1.9431,1.3243,1.9097,False,13.75
K01378.01,19.3012,0.1301,1.2,Rocky (Earth-like),0.789,5234.0,0.4842,0.6611,0.9533,False,13.601
K01645.01,41.1668,0.2142,22.0,Super-Jupiter,0.773,5197.0,0.4085,0.6072,0.8756,False,13.418
K01537.01,10.1914,0.0941,0.82,Rocky (Earth-like),1.071,6063.0,1.51,1.1674,1.6835,False,11.74
K01411.01,305.0565,0.9213,7.05,Gas Giant,1.121,5753.0,1.1827,1.0331,1.4899,False,13.377
K01168.01,432.09,1.192,2.8,Mini-Neptune,1.21,6463.0,3.0682,1.664,2.3997,False,13.997
K01169.01,0.6892,0.0157,1.49,Super-Earth,1.082,5719.0,0.9868,0.9437,1.3609,False,13.248
K01315.01,6.8463,0.0744,1.47,Super-Earth,1.174,6029.0,1.5541,1.1843,1.7079,False,13.137
K01452.01,1.1522,0.0246,23.0,Super-Jupiter,1.5,7162.0,7.7336,2.6419,3.8099,False,13.63
K01463.01,580.0,1.3817,16.29,Super-Jupiter,1.046,6020.0,1.4077,1.1271,1.6255,True,12.328
K01597.01,7.7967,0.0861,2.68,Mini-Neptune,1.402,6443.0,3.1352,1.6821,2.4258,False,12.681
K01208.01,288.8824,0.9086,6.6,Gas Giant,1.199,6506.0,2.0891,1.3731,1.9802,False,13.594
K01796.01,11.8057,0.0986,8.4,Gas Giant,0.918,5764.0,0.8364,0.8688,1.2529,False,12.829
K01957.01,1.3868,0.0256,2.2,Mini-Neptune,1.17,6416.0,2.4137,1.4759,2.1284,False,12.655
K02906.02,145.8926,0.5699,1.47,Super-Earth,1.16,6327.0,2.5432,1.515,2.1848,False,13.716
K02914.01,21.1181,0.1615,1.96,Super-Earth,1.26,6464.0,3.8119,1.8548,2.6748,False,12.199
K02915.01,5.0609,0.0556,1.02,Rocky (Earth-like),0.896,5679.0,0.7694,0.8333,1.2017,False,13.346
K02925.01,0.7165,0.0148,1.21,Rocky (Earth-like),0.84,5520.0,0.8164,0.8584,1.2379,False,13.458
K02935.01,27.8801,0.1903,1.72,Super-Earth,1.182,6448.0,2.0869,1.3724,1.9791,False,13.603
K02677.01,237.7882,0.7875,6.5,Gas Giant,1.152,6409.0,2.1798,1.4026,2.0227,False,13.46
K02679.01,110.7558,0.4811,14.1,Super-Jupiter,1.211,6516.0,2.2027,1.4099,2.0333,False,13.455
K02807.01,3.3757,0.0459,2.7,Mini-Neptune,1.13,6285.0,2.2937,1.4388,2.0749,False,13.91
K02813.01,0.6985,0.0142,1.2,Rocky (Earth-like),0.79,5277.0,0.4909,0.6656,0.9599,False,13.586
K02968.01,10.1643,0.0976,1.02,Rocky (Earth-like),1.202,6276.0,2.0718,1.3674,1.9719,False,11.912
K02971.01,6.0959,0.0674,0.81,Rocky (Earth-like),1.1,6229.0,1.4892,1.1593,1.6718,False,12.742
K02696.01,96.4575,0.4648,5.5,Gas Giant,1.44,7036.0,6.1323,2.3525,3.3926,False,12.998
K02696.02,44.5645,0.2778,3.6,Mini-Neptune,1.44,7036.0,6.1323,2.3525,3.3926,False,12.998
K02949.01,10.1744,0.0971,1.23,Rocky (Earth-like),1.18,6176.0,4.1358,1.932,2.7861,False,13.313
K02706.01,3.0976,0.045,1.45,Super-Earth,1.27,6491.0,3.876,1.8703,2.6972,False,10.268
K02833.01,1.7919,0.0303,1.63,Super-Earth,1.16,6066.0,4.1128,1.9266,2.7784,False,12.599
K00263.01,20.7194,0.1483,2.02,Mini-Neptune,1.014,5820.0,2.0465,1.359,1.9599,False,10.821
K02712.01,7.5079,0.0795,1.94,Super-Earth,1.19,6455.0,2.7969,1.5888,2.2912,False,11.125
K02840.01,3.6793,0.0454,0.87,Rocky (Earth-like),0.925,5733.0,0.8383,0.8698,1.2544,False,13.884
K02840.02,7.4463,0.0727,1.11,Rocky (Earth-like),0.925,5733.0,0.8383,0.8698,1.2544,False,13.884
K02720.01,6.5715,0.0698,0.8,Rocky (Earth-like),1.05,6109.0,1.3777,1.1151,1.608,False,10.338
K02859.03,4.2888,0.0487,0.75,Rocky (Earth-like),0.84,5464.0,0.6193,0.7476,1.0781,False,13.851
K00268.01,110.3791,0.4061,1.73,Super-Earth,0.733,4808.0,0.2962,0.517,0.7456,False,10.56
K02867.02,18.94,0.1241,0.24,Rocky (Earth-like),0.71,4636.0,0.24,0.4654,0.6712,False,12.912
K02612.02,7.5731,0.0709,0.56,Rocky (Earth-like),0.829,5450.0,0.67,0.7776,1.1214,False,11.83
K03052.01,10.1297,0.086,0.89,Rocky (Earth-like),0.826,5450.0,0.6846,0.786,1.1335,False,13.573
K00340.01,23.6732,0.1687,16.8,Super-Jupiter,1.142,5811.0,1.281,1.0752,1.5506,False,13.057
K00075.01,105.8853,0.4697,8.8,Gas Giant,1.233,5925.0,4.6922,2.0578,2.9676,False,10.775
K00350.01,12.9916,0.1085,2.4,Mini-Neptune,1.01,6018.0,1.3726,1.113,1.6051,False,13.387
K00353.01,152.1045,0.6133,9.1,Gas Giant,1.33,6858.0,3.354,1.7398,2.509,False,13.374
K00364.01,173.9285,0.6382,0.93,Rocky (Earth-like),1.146,5798.0,1.8479,1.2914,1.8623,False,10.087
K03083.01,10.1832,0.0923,0.66,Rocky (Earth-like),1.013,5923.0,0.9144,0.9084,1.3101,False,12.857
K03083.02,6.2322,0.0666,0.54,Rocky (Earth-like),1.013,5923.0,0.9144,0.9084,1.3101,False,12.857
K03083.03,8.2947,0.0805,0.74,Rocky (Earth-like),1.013,5923.0,0.9144,0.9084,1.3101,False,12.857
K00366.01,75.112,0.3793,10.6,Gas Giant,1.29,6207.0,3.0768,1.6664,2.4031,False,11.714
K00368.01,110.3216,0.5756,18.9,Super-Jupiter,2.09,9257.0,27.6872,4.9988,7.2088,False,11.375
K00371.01,498.3928,1.3597,84.0,Super-Jupiter,1.35,5215.0,4.4172,1.9966,2.8793,False,12.193
K03111.01,10.7679,0.1011,2.09,Mini-Neptune,1.19,6034.0,4.6158,2.041,2.9434,False,12.863
K03111.02,4.3285,0.0551,1.47,Super-Earth,1.19,6034.0,4.6158,2.041,2.9434,False,12.863
K02984.01,11.4556,0.1008,1.09,Rocky (Earth-like),1.04,6031.0,1.9145,1.3145,1.8956,False,13.066
K03117.01,6.0667,0.0634,1.48,Super-Earth,0.923,5689.0,1.6375,1.2157,1.7531,False,13.163
K03128.01,21.236,0.1483,1.0,Rocky (Earth-like),0.965,5848.0,0.9955,0.9479,1.3669,False,13.371
K03017.01,2.4629,0.0355,0.77,Rocky (Earth-like),0.982,5936.0,1.2281,1.0528,1.5182,False,13.308
K00298.02,57.3843,0.2912,1.42,Super-Earth,1.0,5780.0,1.0014,0.9507,1.371,False,12.713
K03020.01,10.9192,0.0995,1.41,Super-Earth,1.102,6196.0,2.1328,1.3874,2.0008,False,13.534
K00005.01,4.7803,0.0581,5.66,Gas Giant,1.145,5861.0,2.1348,1.388,2.0017,False,11.665
K00319.01,46.1516,0.2692,7.5,Gas Giant,1.222,5952.0,2.4332,1.4819,2.137,False,12.711
K00326.01,8.9735,0.1054,36.2,Super-Jupiter,1.94,4746.0,69.9913,7.9478,11.4615,False,12.96
K00326.02,108.5277,0.5554,30.0,Super-Jupiter,1.94,4746.0,69.9913,7.9478,11.4615,False,12.96
K00051.01,10.4312,0.0555,12.5,Super-Jupiter,0.21,3240.0,0.0072,0.0806,0.1162,False,13.761
K00682.01,562.1424,1.3669,10.8,Gas Giant,1.078,5592.0,1.4599,1.1479,1.6553,True,13.916
K00683.01,278.1222,0.8627,6.0,Gas Giant,1.107,5887.0,1.3277,1.0946,1.5786,False,13.714
K00684.01,4.0349,0.0492,30.0,Super-Jupiter,0.977,5472.0,2.3797,1.4655,2.1134,False,13.831
K00686.01,52.5136,0.2619,11.4,Super-Jupiter,0.869,5559.0,0.694,0.7914,1.1413,False,13.579
K00687.01,4.1784,0.0506,1.46,Super-Earth,0.99,5885.0,0.9308,0.9165,1.3217,False,13.813
K00698.01,12.7187,0.103,10.87,Gas Giant,0.902,5705.0,0.7888,0.8437,1.2168,False,13.816
K00716.01,26.8931,0.18,6.8,Gas Giant,1.075,6115.0,1.2048,1.0428,1.5038,False,13.754
K00625.01,38.1382,0.255,47.0,Super-Jupiter,1.52,6464.0,9.0223,2.8535,4.1151,False,13.592
K00626.02,8.029,0.0811,0.96,Rocky (Earth-like),1.104,6157.0,1.5206,1.1715,1.6894,False,13.49
K00099.01,579.931,1.2339,3.4,Mini-Neptune,0.745,4992.0,0.2746,0.4978,0.7179,False,12.96
K00641.01,14.8518,0.0984,1.83,Super-Earth,0.576,4106.0,0.076,0.2619,0.3777,False,13.583
K00100.01,9.9664,0.1101,21.8,Super-Jupiter,1.79,6630.0,17.5307,3.9776,5.7361,False,12.598
K00974.01,53.5058,0.301,2.49,Mini-Neptune,1.27,6253.0,4.6996,2.0595,2.97,False,9.582
K00976.01,52.569,0.3208,90.65,Super-Jupiter,1.594,7201.0,6.6318,2.4465,3.5281,False,9.729
K01063.01,89.6982,0.3867,103.06,Super-Jupiter,0.959,6214.0,3.3523,1.7394,2.5084,False,13.624
K00145.01,102.9639,0.5549,39.88,Super-Jupiter,2.15,5047.0,29.5027,5.1601,7.4413,False,13.608
K01020.01,54.3564,0.283,33.13,Super-Jupiter,1.023,6058.0,2.4297,1.4808,2.1355,False,12.899
K01271.01,162.0541,0.6208,10.51,Gas Giant,1.215,6628.0,3.3406,1.7363,2.504,False,13.632
K01431.01,345.1599,0.9801,7.95,Gas Giant,1.054,5628.0,0.8175,0.8589,1.2387,True,13.46
K01230.01,165.7419,0.716,56.25,Super-Jupiter,1.782,5015.0,28.3028,5.054,7.2885,False,12.263
K01242.01,99.6443,0.4484,9.35,Gas Giant,1.211,6459.0,2.2076,1.4115,2.0355,False,13.75
K01326.01,53.1009,0.2514,15.99,Super-Jupiter,0.752,5378.0,0.411,0.609,0.8783,False,12.907
K01684.01,62.8158,0.325,50.42,Super-Jupiter,1.16,6428.0,2.047,1.3592,1.9601,False,12.849
K01613.02,94.094,0.406,1.02,Rocky (Earth-like),1.008,6044.0,2.1083,1.3794,1.9892,False,11.049
K01616.02,34.7754,0.2184,0.67,Rocky (Earth-like),1.149,6028.0,1.2986,1.0826,1.5612,False,11.538
K01622.01,69.8347,0.4018,3.47,Mini-Neptune,1.774,7732.0,13.1105,3.4398,4.9606,False,12.02
K01839.02,80.4113,0.3411,4.33,Gas Giant,0.819,5476.0,2.2581,1.4276,2.0587,False,13.237
K02009.01,86.7489,0.3566,2.11,Mini-Neptune,0.804,5830.0,0.8155,0.8579,1.2372,False,13.82
K02135.02,20.189,0.1481,1.25,Super-Earth,1.064,6327.0,1.985,1.3385,1.9302,False,13.573
K02194.03,445.2291,1.1412,1.43,Super-Earth,1.0,6038.0,1.0137,0.9565,1.3794,True,13.865
K02201.01,116.521,0.4592,86.38,Super-Jupiter,0.951,6063.0,1.5756,1.1925,1.7197,False,13.806
K02081.01,6.2142,0.0757,4.17,Gas Giant,1.501,5295.0,7.0069,2.5147,3.6265,False,13.439
K02042.01,63.0736,0.3503,6.67,Gas Giant,1.441,6628.0,9.9983,3.0039,4.332,False,13.089
K02533.03,26.1153,0.1889,2.38,Mini-Neptune,1.319,5190.0,5.52,2.232,3.2188,False,13.274
K02370.01,78.7324,0.3975,4.35,Gas Giant,1.351,6735.0,4.1813,1.9426,2.8014,False,13.003
K00266.02,47.7436,0.2789,1.82,Super-Earth,1.269,6283.0,4.3704,1.986,2.8641,False,11.472
K00268.01,110.3783,0.4825,3.03,Mini-Neptune,1.23,6343.0,2.71,1.5639,2.2553,False,10.56
K02732.04,24.5608,0.1708,0.86,Rocky (Earth-like),1.102,6086.0,1.5193,1.171,1.6887,False,12.805
K02677.01,237.7872,0.7621,5.78,Gas Giant,1.044,6400.0,1.8983,1.3089,1.8876,False,13.46
K02679.01,110.7557,0.4766,12.58,Super-Jupiter,1.177,6528.0,2.1736,1.4006,2.0198,False,13.455
K02603.01,73.7116,0.3588,1.57,Super-Earth,1.134,6431.0,2.7392,1.5723,2.2674,False,12.643
K02610.01,24.1072,0.187,2.64,Mini-Neptune,1.502,6585.0,10.6876,3.1057,4.4788,False,12.605
K02610.02,115.2295,0.5308,3.2,Mini-Neptune,1.502,6585.0,10.6876,3.1057,4.4788,False,12.605
K02696.01,96.4561,0.4617,5.56,Gas Giant,1.411,7030.0,6.0822,2.3429,3.3787,False,12.998
K02696.02,44.5645,0.2759,3.39,Mini-Neptune,1.411,7030.0,6.0822,2.3429,3.3787,False,12.998
K02758.01,253.355,1.007,25.41,Super-Jupiter,2.122,5177.0,22.8082,4.537,6.5428,False,11.893
K02869.02,274.743,0.8468,2.16,Mini-Neptune,1.073,6277.0,2.0291,1.3532,1.9515,False,13.749
K00298.02,57.384,0.2912,1.68,Super-Earth,1.0,5780.0,1.0014,0.9507,1.371,False,12.713
K02971.01,6.096,0.0661,0.85,Rocky (Earth-like),1.038,6234.0,1.432,1.1368,1.6394,False,12.742
K02971.02,31.9536,0.1995,1.0,Rocky (Earth-like),1.038,6234.0,1.432,1.1368,1.6394,False,12.742
K02906.02,145.8887,0.5298,1.63,Super-Earth,0.932,6279.0,1.9882,1.3395,1.9317,False,13.716
K03202.01,92.4648,0.3806,1.76,Super-Earth,0.86,5316.0,2.0031,1.3445,1.939,False,11.784
K03203.01,96.8172,0.4325,2.12,Mini-Neptune,1.151,7095.0,5.2735,2.1816,3.1461,False,11.816
K03371.01,58.1266,0.2618,1.05,Rocky (Earth-like),0.708,5356.0,0.3464,0.5591,0.8063,False,13.747
K03444.01,12.6714,0.0897,0.82,Rocky (Earth-like),0.6,3842.0,0.0699,0.2512,0.3622,False,13.693
K03444.02,60.3267,0.2539,29.78,Super-Jupiter,0.6,3842.0,0.0699,0.2512,0.3622,True,13.693
K03444.03,2.636,0.0315,0.55,Rocky (Earth-like),0.6,3842.0,0.0699,0.2512,0.3622,False,13.693
K03214.02,25.0898,0.1921,2.02,Mini-Neptune,1.502,6036.0,11.6824,3.2471,4.6826,False,12.014
K03444.04,14.1502,0.0966,0.82,Rocky (Earth-like),0.6,3842.0,0.0699,0.2512,0.3622,False,13.693
K00337.02,154.6074,0.5668,1.56,Super-Earth,1.016,6017.0,1.0193,0.9591,1.3832,False,13.936
K00326.01,8.9735,0.099,35.06,Super-Jupiter,1.606,4751.0,60.8332,7.4096,10.6854,False,12.96
K00326.02,108.5403,0.5215,33.79,Super-Jupiter,1.606,4751.0,60.8332,7.4096,10.6854,False,12.96
K03456.02,486.127,1.1986,1.18,Rocky (Earth-like),0.972,6008.0,1.3184,1.0908,1.5731,True,12.988
K03419.01,58.5851,0.3034,120.63,Super-Jupiter,1.085,6391.0,2.6557,1.5482,2.2326,False,13.061
K03168.01,56.3481,0.2996,1.16,Rocky (Earth-like),1.13,5968.0,2.8774,1.6115,2.3239,False,10.455
K03515.01,82.1376,0.3726,241.28,Super-Jupiter,1.023,6395.0,2.1861,1.4046,2.0256,False,12.261
K03602.01,249.3625,0.7354,147.95,Super-Jupiter,0.853,5940.0,1.1621,1.0241,1.4769,False,13.867
K03782.01,186.517,0.7183,35.61,Super-Jupiter,1.421,5018.0,5.0857,2.1424,3.0896,False,13.529
K03783.01,197.1455,0.7897,61.72,Super-Jupiter,1.69,7214.0,9.0982,2.8655,4.1324,False,12.962
K03520.01,135.586,0.5189,72.72,Super-Jupiter,1.014,6074.0,1.3799,1.116,1.6093,False,13.674
K03522.01,241.0715,1.0034,21093.1,Super-Jupiter,2.319,9541.0,37.94,5.8516,8.4386,False,10.656
K03608.01,244.8327,0.7652,44.19,Super-Jupiter,0.997,6105.0,1.2289,1.0531,1.5187,False,13.556
K00366.01,75.1122,0.4153,23.3,Super-Jupiter,1.694,6201.0,14.9232,3.6699,5.2924,False,11.714
K03787.01,141.734,0.5313,1650.26,Super-Jupiter,0.996,5993.0,1.3979,1.1232,1.6198,False,13.891
K03528.01,165.4058,0.5895,114.44,Super-Jupiter,0.999,6061.0,5.7806,2.2841,3.2939,False,12.724
K00368.01,110.3217,0.583,18.79,Super-Jupiter,2.172,9274.0,27.701,5.0,7.2105,False,11.375
K03536.01,156.5166,0.5625,61.35,Super-Jupiter,0.969,6002.0,1.3681,1.1112,1.6024,False,13.375
K03823.01,202.1175,0.6661,5.5,Gas Giant,0.965,5817.0,0.7775,0.8377,1.208,False,13.922
K03541.01,421.4297,1.1533,8312.25,Super-Jupiter,1.152,6235.0,3.9556,1.8894,2.7248,False,13.769
K03720.01,213.3991,0.7709,28.34,Super-Jupiter,1.342,6953.0,4.5004,2.0153,2.9063,False,13.381
K00353.01,152.1059,0.6116,9.6,Gas Giant,1.319,6823.0,3.6869,1.8241,2.6306,False,13.374
K03811.01,290.1402,0.7616,6.53,Gas Giant,0.7,5551.0,0.4959,0.669,0.9648,True,13.906
K03557.01,243.8213,0.7742,45.02,Super-Jupiter,1.041,6462.0,2.1894,1.4057,2.0271,False,13.297
K00353.03,11.1622,0.1072,1.38,Super-Earth,1.319,6823.0,3.6869,1.8241,2.6306,False,13.374
K03583.01,210.3063,0.8204,106.18,Super-Jupiter,1.665,7591.0,12.1199,3.3073,4.7695,False,12.504
K04034.02,11.609,0.1129,14805.0,Super-Jupiter,1.425,6602.0,3.3265,1.7327,2.4987,False,13.487
K04037.01,215.9599,0.7455,3.14,Mini-Neptune,1.185,6532.0,2.9503,1.6318,2.3532,False,12.853
K03878.02,15.3573,0.1157,7983.8,Super-Jupiter,0.876,5900.0,1.0915,0.9925,1.4313,False,12.72
K03890.01,152.8277,0.6756,32.24,Super-Jupiter,1.761,4991.0,31.3659,5.3205,7.6727,False,13.226
K04060.01,225.2621,0.709,1.96,Super-Earth,0.937,5984.0,0.9153,0.9089,1.3107,False,13.841
K04152.01,64.1836,0.3516,147.1,Super-Jupiter,1.407,6955.0,5.1812,2.1624,3.1184,False,12.972
K00371.01,498.3911,1.4244,19.37,Super-Jupiter,1.552,5198.0,6.7365,2.4657,3.5558,False,12.193
K05274.01,55.7584,0.2776,1.59,Super-Earth,0.918,5413.0,1.5162,1.1698,1.6869,False,12.746
K05033.01,127.6717,0.4728,5.52,Gas Giant,0.865,4985.0,3.8411,1.8619,2.685,False,13.832
K05037.01,349.5881,1.1797,134.79,Super-Jupiter,1.792,3860.0,1100.1464,31.51,45.4408,False,12.989
K05156.01,1.6803,0.0251,30.88,Super-Jupiter,0.747,6423.0,2.3707,1.4627,2.1094,False,12.075
K05158.01,151.1301,0.6136,4.41,Gas Giant,1.349,6768.0,9.9757,3.0005,4.3271,False,11.867
K05162.01,628.1584,1.0927,0.95,Rocky (Earth-like),0.441,3697.0,0.03,0.1645,0.2373,False,13.347
K05281.01,263.9014,0.9977,23.91,Super-Jupiter,1.902,5094.0,23.5759,4.6127,6.652,False,13.485
K05287.01,3.9892,0.0725,28.1,Super-Jupiter,3.192,4998.0,146.6924,11.5061,16.593,False,13.56
K05044.01,161.5377,0.6012,1.37,Super-Earth,1.111,6033.0,2.1919,1.4065,2.0283,False,12.426
K05164.01,209.9675,0.7105,1.16,Rocky (Earth-like),1.085,6437.0,1.6725,1.2286,1.7718,False,12.489
K05165.01,369.7301,1.0166,1.66,Super-Earth,1.025,6283.0,1.3954,1.1222,1.6183,False,13.976
K05291.01,525.5605,1.4063,12.74,Super-Jupiter,1.343,4954.0,7.7869,2.651,3.823,False,13.795
K04921.01,95.6887,0.5893,28.41,Super-Jupiter,2.981,5040.0,98.6807,9.4371,13.6093,False,13.933
K04923.01,38.1687,0.2238,1.4,Super-Earth,1.026,6164.0,2.7798,1.5839,2.2842,False,13.195
K05046.01,40.9882,0.2378,1.44,Super-Earth,1.068,6705.0,2.4993,1.5019,2.1659,False,13.006
K05048.01,138.3337,0.5084,6.28,Gas Giant,0.916,4948.0,3.4887,1.7744,2.5589,False,13.419
K05174.01,22.4933,0.1861,6.04,Gas Giant,1.699,5186.0,16.0945,3.8112,5.4962,False,11.4
K05176.01,215.7324,0.6546,1.26,Super-Earth,0.804,5790.0,0.7388,0.8166,1.1776,False,13.372
K05300.01,188.9541,0.6884,2.46,Mini-Neptune,1.219,6392.0,5.4012,2.2078,3.1839,False,13.039
K05057.01,493.7424,1.2351,7.15,Gas Giant,1.031,5015.0,5.9685,2.3209,3.347,False,12.518
K05310.01,22.2904,0.1527,1.13,Rocky (Earth-like),0.956,5597.0,0.8805,0.8914,1.2855,False,13.993
K04943.01,15.2024,0.1462,113.97,Super-Jupiter,1.803,3984.0,386.79,18.6836,26.9438,False,13.297
K05068.01,385.2921,1.0064,1.57,Super-Earth,0.916,6440.0,1.7112,1.2427,1.7921,False,13.086
K05188.01,455.1955,1.1715,2.09,Mini-Neptune,1.035,6478.0,2.3094,1.4437,2.0819,False,12.376
K05196.01,392.4729,1.1809,5.46,Gas Giant,1.426,6626.0,12.6447,3.3781,4.8716,False,12.361
K04958.01,581.729,1.3671,2.74,Mini-Neptune,1.007,5765.0,3.984,1.8962,2.7345,False,12.362
K05079.01,56.0018,0.284,1.54,Super-Earth,0.974,6116.0,2.2272,1.4178,2.0446,False,13.228
K05083.01,69.9325,0.4148,8.25,Gas Giant,1.946,5207.0,17.7175,3.9988,5.7666,False,13.809
K05205.01,313.0514,0.9235,2.91,Mini-Neptune,1.072,6218.0,1.8833,1.3037,1.8801,False,12.842
K05207.01,18.9828,0.143,0.72,Rocky (Earth-like),1.083,5962.0,1.2143,1.0469,1.5097,False,13.048
K05320.01,357.4376,1.1749,3.13,Mini-Neptune,1.693,7610.0,10.4325,3.0684,4.425,False,13.723
K05321.01,215.6344,0.7108,1.92,Super-Earth,1.03,6163.0,3.1824,1.6947,2.444,False,13.793
K05322.01,30.9289,0.228,8.1,Gas Giant,1.653,5029.0,15.0849,3.6897,5.321,False,13.907
K05324.01,293.3926,0.8786,6.84,Gas Giant,1.051,5203.0,6.1366,2.3534,3.3938,False,13.705
K04963.01,59.4038,0.294,1.65,Super-Earth,0.961,6373.0,2.1633,1.3973,2.015,False,11.679
K05087.01,651.0743,1.4499,1.55,Super-Earth,0.959,5696.0,1.5018,1.1642,1.6789,True,12.524
K05092.01,271.7903,0.8606,2.38,Mini-Neptune,1.151,6484.0,2.7632,1.5792,2.2773,False,13.887
K05211.01,3.5645,0.0447,0.6,Rocky (Earth-like),0.937,5435.0,0.5315,0.6926,0.9988,False,12.936
K05213.01,48.2456,0.2363,0.64,Rocky (Earth-like),0.756,5441.0,0.5378,0.6967,1.0047,False,12.429
K05336.01,265.7414,0.9043,3.24,Mini-Neptune,1.397,6537.0,5.6619,2.2605,3.2599,False,13.491
K05341.01,15.1858,0.122,2.26,Mini-Neptune,1.05,6311.0,2.5518,1.5176,2.1885,False,12.493
K04972.01,26.0923,0.185,1.35,Super-Earth,1.241,6346.0,2.1445,1.3912,2.0062,False,13.98
K05099.01,111.1871,0.4338,1.51,Super-Earth,0.881,5806.0,1.673,1.2288,1.772,False,12.709
K05223.01,354.2115,1.0489,8.41,Gas Giant,1.227,4842.0,4.5426,2.0248,2.9199,False,13.682
K04976.01,624.9034,1.6491,2.77,Mini-Neptune,1.532,7089.0,6.7736,2.4725,3.5656,False,13.62
K05101.01,436.1881,1.123,1.64,Super-Earth,0.993,6499.0,3.5869,1.7992,2.5947,False,13.026
K05107.01,169.3307,0.7339,16.68,Super-Jupiter,1.839,5106.0,30.3276,5.2317,7.5447,False,13.743
K05226.01,249.3515,0.7754,4.42,Gas Giant,1.0,5780.0,1.0014,0.9507,1.371,False,13.931
K05230.01,330.7381,1.0078,4.42,Gas Giant,1.248,5458.0,4.7909,2.0794,2.9987,False,13.381
K05110.01,105.5905,0.4505,8.16,Gas Giant,1.094,4869.0,9.6871,2.9568,4.264,False,11.653
K05236.01,550.8651,1.3393,2.06,Mini-Neptune,1.056,5912.0,1.3626,1.1089,1.5992,True,13.093
K05119.01,143.1637,0.7165,20.03,Super-Jupiter,2.394,5145.0,36.8209,5.7646,8.3132,False,12.644
K05003.01,112.9513,0.5544,15.19,Super-Jupiter,1.782,5215.0,27.4195,4.9745,7.1738,False,13.446
K05126.01,418.0435,1.2977,13.73,Super-Jupiter,1.668,5110.0,18.2974,4.0637,5.8602,False,13.637
K05254.01,232.9161,0.7521,1.2,Rocky (Earth-like),1.046,5807.0,2.2833,1.4355,2.0702,False,10.926
K05007.01,14.5168,0.1217,1.82,Super-Earth,1.141,5934.0,3.9528,1.8888,2.7238,False,13.698
K05134.01,573.2383,1.4853,6.93,Gas Giant,1.33,5172.0,6.8395,2.4845,3.5829,False,13.815
K05262.01,438.984,1.6193,32.58,Super-Jupiter,2.939,5053.0,80.1501,8.505,12.2651,False,12.356
K05027.01,62.3124,0.3884,6.15,Gas Giant,2.012,4999.0,17.6653,3.9929,5.7581,False,13.172
K05772.01,75.6363,0.3562,1.32,Super-Earth,1.054,6072.0,1.205,1.0428,1.5039,False,13.825
K05776.01,198.6004,0.6693,4.6,Gas Giant,1.014,5357.0,4.6997,2.0595,2.97,False,13.183
K05406.01,5.7197,0.067,0.82,Rocky (Earth-like),1.227,6356.0,5.0931,2.144,3.0918,False,11.331
K05532.01,24.6777,0.1775,6.04,Gas Giant,1.225,4995.0,14.2886,3.591,5.1786,False,13.434
K05654.01,54.6957,0.2522,3.28,Mini-Neptune,0.715,5299.0,0.4054,0.6049,0.8723,False,13.823
K05660.01,402.2097,1.0897,10.03,Gas Giant,1.067,4961.0,11.7459,3.2559,4.6953,False,13.66
K05782.01,584.556,1.5197,6.69,Gas Giant,1.37,5208.0,8.6495,2.794,4.0292,False,11.367
K05407.01,58.5029,0.3131,1.54,Super-Earth,1.196,6525.0,3.2425,1.7107,2.467,False,13.048
K05410.01,24.1528,0.1674,0.97,Rocky (Earth-like),1.073,6223.0,1.6133,1.2066,1.7401,False,13.664
K05411.01,11.1734,0.1133,1.4,Super-Earth,1.552,7372.0,8.1339,2.7094,3.9072,False,13.335
K05663.01,140.8845,0.5449,1.52,Super-Earth,1.087,5960.0,1.6657,1.2261,1.7681,False,13.06
K05665.01,100.4941,0.4545,1.33,Super-Earth,1.24,6018.0,3.6039,1.8035,2.6008,False,11.484
K05666.01,182.4532,0.6194,1.26,Super-Earth,0.952,6164.0,1.113,1.0022,1.4453,False,13.872
K05794.01,30.9771,0.2201,4.3,Gas Giant,1.483,5197.0,9.3714,2.9082,4.1939,False,13.785
K05545.01,541.0447,1.2448,1.08,Rocky (Earth-like),0.879,5829.0,0.6662,0.7754,1.1182,False,13.607
K05671.01,190.9052,0.6437,1.73,Super-Earth,0.976,6098.0,1.587,1.1968,1.7259,False,13.574
K05799.01,184.8832,0.6439,2.82,Mini-Neptune,1.042,5620.0,2.3518,1.4569,2.101,False,13.609
K05426.01,124.8872,0.4718,1.78,Super-Earth,0.898,6103.0,1.8954,1.3079,1.8861,False,13.701
K05552.01,295.9589,0.8301,2.1,Mini-Neptune,0.871,5505.0,0.8109,0.8555,1.2337,False,13.344
K05554.01,362.222,0.9509,0.96,Rocky (Earth-like),0.874,6113.0,2.0431,1.3579,1.9582,False,11.189
K05556.01,631.9912,1.3921,1.86,Super-Earth,0.901,5594.0,0.8892,0.8958,1.2919,False,13.415
K05680.01,557.9288,1.2272,2.97,Mini-Neptune,0.792,5553.0,2.9008,1.618,2.3333,False,13.263
K05684.01,206.8011,0.9376,24.34,Super-Jupiter,2.571,5048.0,43.1991,6.244,9.0045,False,11.128
K05685.01,14.0019,0.1112,17.96,Super-Jupiter,0.936,4883.0,21.5641,4.4115,6.3619,False,13.814
K05806.01,313.8275,0.8981,1.26,Super-Earth,0.981,5914.0,1.0391,0.9684,1.3965,False,12.355
K05810.01,425.5934,1.0813,2.25,Mini-Neptune,0.931,5458.0,1.6533,1.2215,1.7616,False,13.766
K05563.01,7.6221,0.083,3.8,Mini-Neptune,1.312,5222.0,6.6705,2.4536,3.5383,False,13.629
K05566.01,0.9887,0.0222,3.18,Mini-Neptune,1.49,6456.0,11.9852,3.2889,4.7429,False,12.551
K05690.01,17.0497,0.19,45.89,Super-Jupiter,3.149,5039.0,129.3546,10.8047,15.5816,False,13.582
K05830.01,72.7824,0.4333,11.19,Super-Jupiter,2.049,5099.0,32.471,5.4134,7.8067,False,13.628
K05833.01,440.1713,1.1437,5.97,Gas Giant,1.03,6261.0,3.8866,1.8729,2.7009,False,13.014
K05446.01,416.9504,1.1826,7.35,Gas Giant,1.269,5751.0,6.6908,2.4573,3.5437,False,12.692
K05572.01,21.9578,0.148,0.78,Rocky (Earth-like),0.896,5192.0,0.4194,0.6152,0.8872,False,13.596
K05698.01,282.0291,0.9011,2.33,Mini-Neptune,1.227,6886.0,3.3413,1.7365,2.5043,False,13.49
K05815.01,207.7679,0.681,3.52,Mini-Neptune,0.976,5210.0,2.26,1.4282,2.0596,False,13.744
K05816.01,82.5081,0.4847,14.04,Super-Jupiter,2.231,4986.0,33.1585,5.4704,7.8889,False,12.594
K05817.01,113.0835,0.4694,1.59,Super-Earth,1.079,5903.0,2.1352,1.3882,2.0019,False,13.336
K05451.01,529.3917,1.3395,4.4,Gas Giant,1.144,5283.0,4.3821,1.9887,2.8679,False,13.156
K05577.01,495.519,1.2504,2.94,Mini-Neptune,1.062,6043.0,3.1945,1.698,2.4486,False,13.5
K05578.01,388.0485,1.1335,3.0,Mini-Neptune,1.29,5779.0,6.0558,2.3378,3.3714,False,11.084
K05580.01,173.2199,0.649,2.41,Mini-Neptune,1.215,6007.0,2.6919,1.5587,2.2478,False,13.957
K05704.01,96.1671,0.378,1.15,Rocky (Earth-like),0.779,5147.0,0.3228,0.5397,0.7784,False,13.419
K05822.01,17.6343,0.1296,1.69,Super-Earth,0.933,4885.0,2.001,1.3438,1.938,False,12.31
K05825.01,208.0471,0.6336,2.05,Mini-Neptune,0.784,5991.0,1.6644,1.2256,1.7675,False,13.934
K05457.01,578.2162,1.5649,3.54,Mini-Neptune,1.529,5166.0,6.7246,2.4635,3.5527,False,11.619
K05459.01,53.5545,0.3142,3.1,Mini-Neptune,1.442,6039.0,8.2038,2.721,3.924,False,11.47
K05461.01,119.0796,0.6491,17.89,Super-Jupiter,2.573,4849.0,40.0348,6.0109,8.6684,False,13.468
K05585.01,113.5739,0.469,3.45,Mini-Neptune,1.067,5155.0,3.1592,1.6885,2.4351,False,12.397
K05839.01,169.4151,0.6366,2.32,Mini-Neptune,1.199,6362.0,2.791,1.5871,2.2888,False,12.427
K05591.01,317.0094,0.9533,4.03,Gas Giant,1.15,5066.0,3.0451,1.6578,2.3907,False,13.555
K05597.01,7.7771,0.0713,0.73,Rocky (Earth-like),0.8,5073.0,0.4303,0.6232,0.8987,False,13.725
K05344.01,445.3513,1.2931,3.66,Mini-Neptune,1.454,7202.0,7.4346,2.5903,3.7355,False,13.735
K05472.01,97.5137,0.4607,5.27,Gas Giant,1.372,5437.0,7.9283,2.6749,3.8575,False,12.603
K05474.01,284.6668,1.0028,8.98,Gas Giant,1.66,5248.0,13.2536,3.4585,4.9876,False,13.761
K05598.01,376.934,0.9908,2.13,Mini-Neptune,0.913,6074.0,1.3057,1.0855,1.5655,False,13.797
K05603.01,341.5579,1.0288,6.81,Gas Giant,1.245,5138.0,6.0011,2.3272,3.3561,False,12.472
K05604.01,476.9198,1.2894,2.49,Mini-Neptune,1.257,6282.0,4.1578,1.9371,2.7935,False,12.952
K05358.01,126.5861,0.5026,1.54,Super-Earth,1.057,6611.0,2.6735,1.5533,2.2401,False,12.968
K05486.01,4.1547,0.0609,23.47,Super-Jupiter,1.742,6996.0,24.2499,4.6782,6.7465,False,12.572
K05609.01,535.1515,1.2446,2.7,Mini-Neptune,0.898,5468.0,1.6241,1.2107,1.7459,True,12.706
K05610.01,495.4046,1.2615,152.21,Super-Jupiter,1.091,6225.0,1.4321,1.1369,1.6395,True,13.825
K05736.01,161.6515,0.5785,2.22,Mini-Neptune,0.988,5725.0,1.6014,1.2022,1.7337,False,13.756
K05737.01,376.2425,1.0118,1.32,Super-Earth,0.976,5916.0,1.0128,0.9561,1.3787,True,13.772
K05360.01,54.5957,0.2842,2.0,Mini-Neptune,1.027,6014.0,3.3879,1.7486,2.5217,False,13.67
K05747.01,411.4471,1.185,2.86,Mini-Neptune,1.311,6519.0,4.5299,2.0219,2.9158,False,13.81
K05369.01,651.358,1.8901,14.58,Super-Jupiter,2.123,5122.0,24.2067,4.674,6.7404,False,12.888
K05373.01,50.5508,0.3042,5.0,Gas Giant,1.47,5031.0,8.5597,2.7794,4.0082,False,11.509
K05375.01,285.3746,0.7931,5.94,Gas Giant,0.817,5142.0,4.7641,2.0735,2.9903,False,13.863
K05497.01,93.3597,0.4309,1.05,Rocky (Earth-like),1.224,6809.0,5.3978,2.2072,3.1829,False,10.926
K05500.01,84.9344,0.3802,1.6,Super-Earth,1.016,6290.0,2.733,1.5705,2.2649,False,13.67
K05502.01,421.9819,1.206,2.02,Mini-Neptune,1.314,6760.0,4.3003,1.97,2.841,False,12.338
K05629.01,192.1387,0.678,1.93,Super-Earth,1.126,6065.0,2.9885,1.6423,2.3684,False,12.534
K05379.01,520.6552,1.4234,7.58,Gas Giant,1.419,5227.0,12.4583,3.3532,4.8356,False,12.518
K05632.01,264.4666,0.86,2.61,Mini-Neptune,1.213,6551.0,2.5244,1.5094,2.1767,False,11.154
K05633.01,151.7788,0.6434,4.35,Gas Giant,1.542,6328.0,14.1304,3.5711,5.1499,False,11.141
K05635.01,113.9932,0.5693,2.23,Mini-Neptune,1.894,7892.0,21.6834,4.4237,6.3795,False,11.176
K05761.01,6.1329,0.0719,1.56,Super-Earth,1.316,5877.0,4.4281,1.9991,2.8829,False,13.421
K05388.01,137.3962,0.5693,3.38,Mini-Neptune,1.304,5425.0,5.4779,2.2235,3.2065,False,13.668
K05389.01,365.7399,0.9388,1.73,Super-Earth,0.825,5420.0,0.7032,0.7966,1.1488,True,12.962
K05511.01,74.8336,0.3555,1.68,Super-Earth,1.07,5933.0,3.63,1.81,2.6102,False,12.395
K05514.01,102.1008,0.4735,2.63,Mini-Neptune,1.358,6359.0,4.913,2.1057,3.0366,False,13.845
K05515.01,6.2635,0.0651,6.46,Gas Giant,0.936,6247.0,1.948,1.3259,1.9121,False,13.952
K05517.01,335.4314,1.123,7.12,Gas Giant,1.679,5172.0,14.3084,3.5935,5.1822,False,13.938
K05639.01,279.2196,0.8634,4.92,Gas Giant,1.101,5159.0,4.3096,1.9722,2.8441,False,13.845
K05640.01,348.666,1.0516,9.56,Gas Giant,1.276,5183.0,15.4822,3.738,5.3906,False,12.038
K05642.01,222.2806,0.7773,2.56,Mini-Neptune,1.268,6543.0,3.8543,1.8651,2.6896,False,12.401
K05393.01,248.4218,0.8918,18.92,Super-Jupiter,1.533,4895.0,21.284,4.3828,6.3204,False,13.586
K04367.01,170.9941,0.6069,2.34,Mini-Neptune,1.02,6263.0,1.2537,1.0637,1.534,False,13.985
K05898.01,76.3792,0.3284,1.73,Super-Earth,0.81,5451.0,0.694,0.7914,1.1413,False,13.717
K05899.01,58.6692,0.2916,1.28,Super-Earth,0.961,5548.0,0.8264,0.8636,1.2454,False,13.899
K05900.01,355.8473,1.0814,1.68,Super-Earth,1.332,6823.0,4.3342,1.9778,2.8522,False,13.127
K05901.01,61.6111,0.323,1.29,Super-Earth,1.184,6533.0,3.1395,1.6833,2.4275,False,12.332
K05907.01,587.3816,1.8946,36.77,Super-Jupiter,2.629,4784.0,65.8695,7.7102,11.1189,False,13.715
K05910.01,91.2403,0.4051,1.75,Super-Earth,1.065,6493.0,2.3155,1.4456,2.0847,False,13.89
K05912.01,359.8547,1.0493,2.25,Mini-Neptune,1.19,6495.0,2.1782,1.4021,2.0219,False,13.728
K05919.01,290.1961,0.9126,2.35,Mini-Neptune,1.204,6238.0,2.6742,1.5535,2.2404,False,13.511
K05921.01,175.4528,0.7046,3.96,Mini-Neptune,1.516,6184.0,14.3235,3.5954,5.185,False,13.086
K05923.01,366.6846,1.2681,10.75,Gas Giant,2.023,5090.0,14.8277,3.6581,5.2754,False,13.026
K05925.01,93.006,0.4071,1.97,Super-Earth,1.04,5518.0,2.5241,1.5093,2.1766,False,12.979
K04235.01,66.6431,0.3482,3.15,Mini-Neptune,1.268,6609.0,3.4612,1.7674,2.5488,False,13.224
K05933.01,236.5064,0.8456,10.37,Gas Giant,1.442,5066.0,8.9883,2.8481,4.1073,False,13.856
K05934.01,19.3855,0.1312,6.13,Gas Giant,0.801,5432.0,0.6511,0.7666,1.1055,False,13.891
K05937.01,357.5885,1.1404,3.53,Mini-Neptune,1.547,7435.0,9.6489,2.951,4.2556,False,13.382
K05938.01,545.2056,1.3372,1.66,Super-Earth,1.073,6273.0,1.8533,1.2933,1.8651,True,12.812
K05939.01,105.0534,0.4561,1.52,Super-Earth,1.147,6471.0,2.0088,1.3465,1.9417,False,13.724
K05941.01,44.706,0.2217,60.47,Super-Jupiter,0.727,5509.0,0.5435,0.7004,1.01,False,13.783
K05942.01,125.2778,0.6171,15.75,Super-Jupiter,1.997,5119.0,36.8882,5.7699,8.3208,False,13.325
K04246.02,8.7562,0.0844,1.58,Super-Earth,1.046,5841.0,1.5928,1.199,1.729,False,13.382
K05945.01,40.7282,0.269,4.58,Gas Giant,1.566,6531.0,8.1247,2.7079,3.905,False,12.717
K05948.01,398.5131,0.9961,1.23,Rocky (Earth-like),0.83,5776.0,0.5753,0.7206,1.0391,True,13.843
K05949.01,559.7856,1.3342,1.88,Super-Earth,1.011,6201.0,1.6374,1.2156,1.7531,True,13.295
K05950.01,109.4395,0.4196,1.0,Rocky (Earth-like),0.823,5359.0,0.4063,0.6055,0.8733,False,13.718
K04323.01,11.4958,0.1036,1.62,Super-Earth,1.123,6290.0,3.1852,1.6955,2.4451,False,13.582
K05954.01,73.909,0.3461,0.94,Rocky (Earth-like),1.012,5865.0,0.8946,0.8985,1.2958,False,13.144
K05960.01,32.4185,0.1878,1.62,Super-Earth,0.84,5622.0,1.8611,1.296,1.869,False,13.325
K05964.01,32.0332,0.2043,0.85,Rocky (Earth-like),1.108,6039.0,1.2053,1.043,1.5041,False,13.186
K05845.01,22.266,0.1717,1.18,Rocky (Earth-like),1.363,6888.0,4.4957,2.0143,2.9048,False,11.299
K05847.01,277.1143,1.0502,17.56,Super-Jupiter,2.012,5117.0,35.0534,5.6246,8.1112,False,12.348
K05848.01,323.1594,0.8869,3.41,Mini-Neptune,0.891,5251.0,2.2371,1.4209,2.0491,False,13.789
K05967.01,22.8632,0.195,4.84,Gas Giant,1.893,5043.0,13.7853,3.5272,5.0866,False,12.26
K05968.01,97.9424,0.444,2.29,Mini-Neptune,1.217,5997.0,6.0537,2.3374,3.3708,False,11.366
K05971.01,493.3057,0.9975,1.08,Rocky (Earth-like),0.544,4558.0,0.1163,0.324,0.4672,False,13.771
K05973.01,419.9337,1.124,1.82,Super-Earth,1.074,6686.0,1.988,1.3395,1.9317,False,12.71
K05974.01,4.7682,0.0477,0.49,Rocky (Earth-like),0.638,4680.0,0.1813,0.4045,0.5833,False,13.442
K05979.01,37.7935,0.2274,0.89,Rocky (Earth-like),1.098,6178.0,1.5132,1.1686,1.6853,False,11.982
K05859.01,172.6219,0.7623,26.09,Super-Jupiter,1.983,5119.0,53.7778,6.9667,10.0467,False,13.414
K05860.01,264.7081,0.8754,6.17,Gas Giant,1.277,5283.0,5.9061,2.3087,3.3294,False,13.581
K05864.01,35.9217,0.1957,1.38,Super-Earth,0.775,5161.0,0.4375,0.6284,0.9062,False,13.791
K05866.01,102.3006,0.4543,35.36,Super-Jupiter,1.195,4895.0,45.8548,6.433,9.2771,False,13.83
K05867.01,359.8455,1.2122,14.76,Super-Jupiter,1.835,4945.0,23.5963,4.6147,6.6549,False,12.117
K05868.01,22.7783,0.1649,1.89,Super-Earth,1.153,6538.0,3.5763,1.7966,2.5908,False,13.787
K05870.01,132.114,0.4077,0.75,Rocky (Earth-like),0.518,4342.0,0.0872,0.2805,0.4046,False,13.586
K05873.01,217.1701,0.9163,109061.0,Super-Jupiter,2.176,5083.0,82.3091,8.6188,12.4292,False,12.446
K05874.01,287.3311,0.8176,2.07,Mini-Neptune,0.883,5426.0,0.7886,0.8436,1.2166,False,13.618
K05881.01,134.3587,0.5412,1.27,Super-Earth,1.171,6948.0,4.2936,1.9685,2.8388,False,11.083
K05883.01,198.7812,0.7141,1.69,Super-Earth,1.229,6493.0,3.2336,1.7083,2.4636,False,12.752
K05886.01,284.8718,0.8898,1.84,Super-Earth,1.158,6437.0,4.8422,2.0905,3.0147,False,13.074
K04287.01,13.1231,0.1155,0.98,Rocky (Earth-like),1.194,6344.0,3.3444,1.7373,2.5054,False,11.265
K04287.02,9.6184,0.0939,0.76,Rocky (Earth-like),1.194,6344.0,3.3444,1.7373,2.5054,False,11.265
K06180.02,58.9256,0.3492,1.5,Super-Earth,1.636,7282.0,12.3889,3.3438,4.8221,False,12.044
K03444.04,14.1502,0.093,0.74,Rocky (Earth-like),0.536,3705.0,0.0473,0.2066,0.298,False,13.693
K03456.02,486.127,1.1986,1.18,Rocky (Earth-like),0.972,6008.0,1.3184,1.0908,1.5731,True,12.988
K04647.02,12.0086,0.1041,2.08,Mini-Neptune,1.042,5303.0,2.7369,1.5716,2.2665,False,13.726
K04657.02,10.4315,0.0884,0.77,Rocky (Earth-like),0.848,5361.0,0.444,0.633,0.9129,False,13.241
K06093.02,27.2498,0.2193,4.49,Gas Giant,1.894,5440.0,16.0817,3.8097,5.494,False,13.33
K06097.02,88.4331,0.4209,1.7,Super-Earth,1.272,7092.0,5.2784,2.1826,3.1475,False,12.749
K06097.03,282.3431,0.9127,2.35,Mini-Neptune,1.272,7092.0,5.2784,2.1826,3.1475,False,12.749
K03878.02,15.3573,0.1222,1.42,Super-Earth,1.032,5818.0,0.9994,0.9497,1.3696,False,12.72
K05987.01,5.2885,0.0793,55.28,Super-Jupiter,2.376,4918.0,44.1253,6.3106,9.1005,False,11.317
K06097.04,126.5057,0.5344,1.51,Super-Earth,1.272,7092.0,5.2784,2.1826,3.1475,False,12.749
K06100.02,117.6846,0.4783,1.52,Super-Earth,1.054,6362.0,2.4044,1.4731,2.1243,False,13.036
K01616.02,34.7754,0.2184,0.67,Rocky (Earth-like),1.149,6028.0,1.2986,1.0826,1.5612,False,11.538
K06194.01,42.2947,0.3159,140.14,Super-Jupiter,2.351,4926.0,32.5459,5.4197,7.8157,False,12.057
K04034.02,11.6089,0.1217,46.44,Super-Jupiter,1.786,6303.0,17.6453,3.9906,5.7549,False,13.487
K00649.02,10.209,0.1013,0.92,Rocky (Earth-like),1.33,6188.0,3.0554,1.6606,2.3947,False,13.31
K06102.01,54.2916,0.3104,1.67,Super-Earth,1.353,6711.0,4.4573,2.0057,2.8924,False,10.915
K06103.02,122.8054,0.5559,118.62,Super-Jupiter,1.519,5874.0,9.6517,2.9514,4.2562,False,13.436
K01628.03,37.8404,0.2361,1.76,Super-Earth,1.226,6243.0,1.7993,1.2743,1.8377,False,12.949
K04246.02,8.7563,0.0843,1.12,Rocky (Earth-like),1.044,5839.0,1.5701,1.1904,1.7167,False,13.382
K04287.02,9.6183,0.0934,0.85,Rocky (Earth-like),1.173,6134.0,3.5212,1.7827,2.5708,False,11.265
K04435.02,17.8694,0.1368,0.81,Rocky (Earth-like),1.069,6328.0,1.4763,1.1543,1.6646,False,13.517
K06108.01,485.923,1.1281,1.07,Rocky (Earth-like),0.811,5551.0,0.7802,0.8391,1.2101,True,12.12
K06111.01,228.6541,0.8973,3.63,Mini-Neptune,1.843,6845.0,14.0834,3.5651,5.1413,False,12.914
K01839.02,80.4104,0.3411,4.93,Gas Giant,0.819,5476.0,2.2581,1.4276,2.0587,False,13.237
K04457.01,79.3321,0.3646,1.6,Super-Earth,1.027,6384.0,1.9709,1.3337,1.9233,False,13.815
K07873.01,1.9319,0.0304,0.57,Rocky (Earth-like),1.0,5896.0,0.9058,0.9041,1.3039,False,13.5
K07863.01,5.2449,0.0562,0.52,Rocky (Earth-like),0.862,5823.0,0.7952,0.8472,1.2217,False,13.695
K06118.01,571.2809,1.5028,3.65,Mini-Neptune,1.387,7081.0,5.9124,2.31,3.3312,False,12.767
K06118.02,4.6619,0.0609,1.16,Rocky (Earth-like),1.387,7081.0,5.9124,2.31,3.3312,False,12.767
K06214.02,154.5369,0.6057,4.1,Gas Giant,1.241,6049.0,7.6404,2.6259,3.7869,False,13.654
K04913.02,8.9738,0.1004,2.96,Mini-Neptune,1.677,6537.0,13.112,3.44,4.9608,False,13.36
K04567.02,4.6725,0.0548,1.11,Rocky (Earth-like),1.006,6146.0,1.2471,1.0609,1.5299,False,13.775
K02533.03,26.1153,0.1889,2.38,Mini-Neptune,1.319,5190.0,5.52,2.232,3.2188,False,13.274
K06141.01,96.5092,0.5003,860.3,Super-Jupiter,1.793,7343.0,22.7771,4.5339,6.5384,False,8.655
K06142.02,111.6555,0.5242,2121.0,Super-Jupiter,1.541,6967.0,7.3367,2.5732,3.7108,False,13.735
K06239.01,406.4962,1.058,1.77,Super-Earth,0.956,5847.0,0.8195,0.86,1.2402,True,13.893
K00353.03,11.1619,0.1027,1.97,Super-Earth,1.158,6200.0,3.5657,1.7939,2.587,False,13.374
K06242.03,78.8668,0.3919,1.3,Super-Earth,1.291,6907.0,3.8944,1.8748,2.7036,False,12.914
K06245.01,144.1026,0.5461,1.67,Super-Earth,1.046,6528.0,2.5867,1.5279,2.2034,False,12.431
K06245.02,112.3174,0.4625,1.77,Super-Earth,1.046,6528.0,2.5867,1.5279,2.2034,False,12.431
K06246.01,9.1332,0.0867,1.48,Super-Earth,1.041,6122.0,1.1712,1.0281,1.4826,False,11.767
K02086.04,335.5631,0.9771,1.83,Super-Earth,1.105,6200.0,2.7797,1.5839,2.2841,False,13.959
K00337.02,154.6074,0.5668,1.56,Super-Earth,1.016,6017.0,1.0193,0.9591,1.3832,False,13.936
K02194.03,445.2169,1.0602,1.37,Super-Earth,0.802,5670.0,0.8369,0.8691,1.2533,True,13.865
K06068.01,6.1503,0.0874,100.03,Super-Jupiter,2.357,8914.0,46.5624,6.4825,9.3484,False,10.622
K02281.02,455.274,1.1095,1.54,Super-Earth,0.879,5178.0,0.4316,0.6241,0.9,False,13.829
K00365.02,117.761,0.4501,0.62,Rocky (Earth-like),0.877,5564.0,0.6213,0.7488,1.0799,False,11.195
K00266.02,47.744,0.2691,1.74,Super-Earth,1.14,5949.0,1.8758,1.3011,1.8763,False,11.472
K06168.01,131.2587,0.5369,1.59,Super-Earth,1.198,6443.0,2.4081,1.4742,2.126,False,12.236
K06168.02,75.073,0.3699,1.09,Rocky (Earth-like),1.198,6443.0,2.4081,1.4742,2.126,False,12.236
K02610.02,115.2307,0.5308,4.02,Gas Giant,1.502,6585.0,10.6876,3.1057,4.4788,False,12.605
K02869.02,274.743,0.8468,2.16,Mini-Neptune,1.073,6277.0,2.0291,1.3532,1.9515,False,13.749
K06173.01,214.013,0.7589,1.54,Super-Earth,1.273,6698.0,3.3893,1.749,2.5222,False,12.445
K06176.01,143.0969,0.5924,1.48,Super-Earth,1.354,6725.0,3.1492,1.6859,2.4312,False,11.538
K02971.02,31.9534,0.2165,1.65,Super-Earth,1.325,6313.0,3.0669,1.6637,2.3992,False,12.742
K03214.02,25.0902,0.1746,1.35,Super-Earth,1.127,6033.0,3.7998,1.8518,2.6706,False,12.014
K06093.01,20.5736,0.1818,3.86,Mini-Neptune,1.894,5440.0,16.0817,3.8097,5.494,False,13.33
K01151.04,17.4533,0.1233,0.81,Rocky (Earth-like),0.82,5516.0,0.6653,0.7749,1.1175,False,13.404
K01151.05,21.7203,0.1426,0.88,Rocky (Earth-like),0.82,5516.0,0.6653,0.7749,1.1175,False,13.404
K01613.02,94.094,0.406,1.02,Rocky (Earth-like),1.008,6044.0,2.1083,1.3794,1.9892,False,11.049
K02004.03,1.7211,0.0279,0.59,Rocky (Earth-like),0.98,5798.0,0.9305,0.9164,1.3215,False,13.351
K02059.02,2.1857,0.0307,0.51,Rocky (Earth-like),0.806,4996.0,0.3111,0.5299,0.7641,False,12.906
K02029.04,4.7885,0.0524,0.6,Rocky (Earth-like),0.836,5238.0,0.3819,0.5871,0.8466,False,12.957
K02158.02,6.6823,0.0669,1.01,Rocky (Earth-like),0.896,5445.0,1.6811,1.2317,1.7763,False,13.052
K02135.02,20.189,0.1481,1.25,Super-Earth,1.064,6327.0,1.985,1.3385,1.9302,False,13.573
K02585.03,7.8784,0.0801,1.06,Rocky (Earth-like),1.104,6474.0,3.1024,1.6733,2.4131,False,13.455
K04435.01,10.8615,0.0981,0.84,Rocky (Earth-like),1.069,6328.0,1.4763,1.1543,1.6646,False,13.517
K02590.02,22.7889,0.1674,1.18,Rocky (Earth-like),1.204,6440.0,4.227,1.9532,2.8167,False,11.638
K02563.02,6.2614,0.0675,0.84,Rocky (Earth-like),1.046,6384.0,1.8727,1.3,1.8748,False,13.973
K04435.02,17.8694,0.1368,0.81,Rocky (Earth-like),1.069,6328.0,1.4763,1.1543,1.6646,False,13.517
K02722.05,16.5339,0.1327,1.21,Rocky (Earth-like),1.14,6522.0,2.3964,1.4706,2.1208,False,13.268
K02859.04,2.9051,0.035,0.57,Rocky (Earth-like),0.68,5374.0,0.389,0.5925,0.8545,False,13.851
K02732.04,24.5608,0.1708,0.86,Rocky (Earth-like),1.102,6086.0,1.5193,1.171,1.6887,False,12.805
K02949.02,3.7503,0.05,1.13,Rocky (Earth-like),1.187,6197.0,4.2018,1.9473,2.8083,False,13.313
K03384.01,10.5484,0.0964,1.15,Rocky (Earth-like),1.074,6053.0,1.431,1.1364,1.6389,False,13.204
K03398.03,4.3271,0.0526,0.94,Rocky (Earth-like),1.035,6444.0,1.4139,1.1296,1.629,False,13.489
K03190.01,8.953,0.0847,0.73,Rocky (Earth-like),1.012,6280.0,1.738,1.2524,1.8061,False,11.458
K03194.01,10.8131,0.1045,14.77,Super-Jupiter,1.302,6531.0,3.8211,1.857,2.678,False,11.487
K03196.01,4.9606,0.0607,0.64,Rocky (Earth-like),1.21,6422.0,2.957,1.6336,2.3558,False,11.525
K03196.02,6.883,0.0755,0.81,Rocky (Earth-like),1.21,6422.0,2.957,1.6336,2.3558,False,11.525
K03340.01,8.954,0.0822,0.86,Rocky (Earth-like),0.925,6168.0,1.1646,1.0252,1.4785,False,13.776
K03340.02,13.7281,0.1093,1.0,Rocky (Earth-like),0.925,6168.0,1.1646,1.0252,1.4785,False,13.776
K03202.01,92.4648,0.3806,1.76,Super-Earth,0.86,5316.0,2.0031,1.3445,1.939,False,11.784
K03203.01,96.8172,0.4325,2.12,Mini-Neptune,1.151,7095.0,5.2735,2.1816,3.1461,False,11.816
K03204.01,0.5729,0.0156,1.57,Super-Earth,1.553,7338.0,6.6013,2.4408,3.5199,False,11.825
K03419.01,58.5851,0.3034,120.63,Super-Jupiter,1.085,6391.0,2.6557,1.5482,2.2326,False,13.061
K03208.01,2.1317,0.0355,1.26,Super-Earth,1.313,5884.0,4.2417,1.9566,2.8216,False,11.893
K03209.01,11.9126,0.1033,1.31,Super-Earth,1.037,6603.0,2.3387,1.4528,2.0951,False,11.915
K03224.01,3.4386,0.0422,0.56,Rocky (Earth-like),0.847,5431.0,0.4737,0.6538,0.9429,False,12.192
K03225.01,4.8754,0.0548,0.82,Rocky (Earth-like),0.924,5511.0,1.5442,1.1805,1.7024,False,12.207
K00332.02,6.8668,0.0736,0.81,Rocky (Earth-like),1.126,5716.0,1.5181,1.1705,1.688,False,13.046
K03371.01,58.1266,0.2618,1.05,Rocky (Earth-like),0.708,5356.0,0.3464,0.5591,0.8063,False,13.747
K03236.01,7.1305,0.0754,0.68,Rocky (Earth-like),1.124,6435.0,1.9575,1.3292,1.9168,False,12.31
K03310.01,20.5513,0.1462,1.23,Rocky (Earth-like),0.986,5624.0,0.7174,0.8046,1.1604,False,13.55
K03242.01,1.5495,0.0329,1.32,Super-Earth,1.976,7382.0,20.948,4.3481,6.2704,False,12.374
K03161.01,6.0941,0.0743,80.64,Super-Jupiter,1.474,6790.0,5.3569,2.1988,3.1709,False,9.58
K03248.01,6.9126,0.0682,0.65,Rocky (Earth-like),0.885,5680.0,1.0832,0.9887,1.4259,False,12.419
K03165.01,4.1176,0.0553,1.09,Rocky (Earth-like),1.33,6422.0,5.2229,2.1711,3.131,False,10.335
K03168.01,56.3481,0.2996,1.16,Rocky (Earth-like),1.13,5968.0,2.8774,1.6115,2.3239,False,10.455
K03515.01,82.1376,0.3726,241.28,Super-Jupiter,1.023,6395.0,2.1861,1.4046,2.0256,False,12.261
K03520.01,135.586,0.5189,72.72,Super-Jupiter,1.014,6074.0,1.3799,1.116,1.6093,False,13.674
K03602.01,249.3625,0.7354,147.95,Super-Jupiter,0.853,5940.0,1.1621,1.0241,1.4769,False,13.867
K03522.01,241.0715,1.0034,21093.1,Super-Jupiter,2.319,9541.0,37.94,5.8516,8.4386,False,10.656
K03608.01,244.8327,0.7652,44.19,Super-Jupiter,0.997,6105.0,1.2289,1.0531,1.5187,False,13.556
K03528.01,165.4058,0.5895,114.44,Super-Jupiter,0.999,6061.0,5.7806,2.2841,3.2939,False,12.724
K03536.01,156.5166,0.5625,61.35,Super-Jupiter,0.969,6002.0,1.3681,1.1112,1.6024,False,13.375
K03541.01,421.4297,1.1533,8312.25,Super-Jupiter,1.152,6235.0,3.9556,1.8894,2.7248,False,13.769
K03473.01,27.6371,0.1929,8044.45,Super-Jupiter,1.254,5214.0,3.9058,1.8775,2.7075,False,13.851
K03557.01,243.8213,0.7742,45.02,Super-Jupiter,1.041,6462.0,2.1894,1.4057,2.0271,False,13.297
K03560.01,1.5018,0.0235,70.1,Super-Jupiter,0.769,6466.0,1.534,1.1766,1.6968,False,11.825
K03421.01,40.6507,0.255,1.6,Super-Earth,1.339,6535.0,2.6936,1.5592,2.2485,False,13.935
K03573.01,43.5622,0.248,112.79,Super-Jupiter,1.072,6403.0,2.2299,1.4186,2.0458,False,13.676
K03496.02,8.5436,0.09,94.69,Super-Jupiter,1.333,6602.0,4.8394,2.0899,3.0138,False,13.932
K03583.01,210.3063,0.8204,106.18,Super-Jupiter,1.665,7591.0,12.1199,3.3073,4.7695,False,12.504
K03500.02,4.7484,0.0551,0.57,Rocky (Earth-like),0.988,6085.0,1.1384,1.0136,1.4617,False,13.214
K03506.01,12.6253,0.1152,77.91,Super-Jupiter,1.278,6878.0,6.8275,2.4823,3.5797,False,12.933
K03444.01,12.6714,0.0897,0.82,Rocky (Earth-like),0.6,3842.0,0.0699,0.2512,0.3622,False,13.693
K03444.02,60.3267,0.2539,29.78,Super-Jupiter,0.6,3842.0,0.0699,0.2512,0.3622,True,13.693
K03444.03,2.636,0.0315,0.55,Rocky (Earth-like),0.6,3842.0,0.0699,0.2512,0.3622,False,13.693
K03907.01,28.6433,0.1897,166.0,Super-Jupiter,1.11,6498.0,4.0388,1.9092,2.7533,False,12.642
K03782.01,186.517,0.7183,35.61,Super-Jupiter,1.421,5018.0,5.0857,2.1424,3.0896,False,13.529
K03783.01,197.1455,0.7897,61.72,Super-Jupiter,1.69,7214.0,9.0982,2.8655,4.1324,False,12.962
K03991.01,1.5706,0.023,1.1,Rocky (Earth-like),0.66,5565.0,0.4133,0.6107,0.8808,False,13.14
K03787.01,141.734,0.5313,1650.26,Super-Jupiter,0.996,5993.0,1.3979,1.1232,1.6198,False,13.891
K03864.02,18.2574,0.1215,0.87,Rocky (Earth-like),0.717,5019.0,0.3177,0.5355,0.7722,False,12.914
K03720.01,213.3991,0.7709,28.34,Super-Jupiter,1.342,6953.0,4.5004,2.0153,2.9063,False,13.381
K03875.01,8.8704,0.0806,13045.6,Super-Jupiter,0.888,6022.0,2.7046,1.5623,2.2531,False,13.579
K03947.02,22.7355,0.1571,89.11,Super-Jupiter,1.0,5780.0,1.0014,0.9507,1.371,False,13.38
K03880.01,1.8037,0.0295,1.03,Rocky (Earth-like),1.054,6438.0,2.0955,1.3752,1.9832,False,10.762
K03811.01,290.1402,0.7616,6.53,Gas Giant,0.7,5551.0,0.4959,0.669,0.9648,True,13.906
K03886.01,5.5665,0.0786,34.67,Super-Jupiter,2.088,4781.0,73.6687,8.1539,11.7588,False,9.837
K03890.01,152.8277,0.6756,32.24,Super-Jupiter,1.761,4991.0,31.3659,5.3205,7.6727,False,13.226
K03891.01,47.1098,0.2647,29177.0,Super-Jupiter,1.115,5258.0,5.2998,2.187,3.1539,False,13.731
K03741.02,18.5774,0.14,1.59,Super-Earth,1.06,6432.0,2.7779,1.5834,2.2834,False,13.306
K03818.01,1.9085,0.0397,3.61,Mini-Neptune,2.294,9174.0,38.8034,5.9178,8.5341,False,11.721
K03823.01,202.1175,0.6661,5.5,Gas Giant,0.965,5817.0,0.7775,0.8377,1.208,False,13.922
K04251.01,6.2397,0.0653,1.78,Super-Earth,0.956,5751.0,1.2822,1.0757,1.5513,False,13.795
K04257.01,41.6755,0.2374,1.93,Super-Earth,1.027,5745.0,3.0378,1.6558,2.3878,False,13.34
K04123.01,44.623,0.2461,1.67,Super-Earth,0.998,6198.0,2.0325,1.3544,1.9532,False,13.519
K04129.01,2.3148,0.0322,0.73,Rocky (Earth-like),0.833,5240.0,0.5763,0.7212,1.04,False,13.506
K04198.01,1.1829,0.022,0.69,Rocky (Earth-like),1.022,6312.0,2.5003,1.5022,2.1663,False,12.638
K04273.01,17.3733,0.1341,0.97,Rocky (Earth-like),1.065,6122.0,1.6007,1.2019,1.7333,False,12.677
K04060.01,225.2621,0.709,1.96,Super-Earth,0.937,5984.0,0.9153,0.9089,1.3107,False,13.841
K04136.01,2.4175,0.0346,0.69,Rocky (Earth-like),0.943,5770.0,0.7236,0.8081,1.1654,False,13.955
K04136.02,4.0336,0.0486,0.74,Rocky (Earth-like),0.943,5770.0,0.7236,0.8081,1.1654,False,13.955
K04269.02,4.4408,0.0588,1.69,Super-Earth,1.373,5159.0,5.9588,2.319,3.3443,False,13.263
K04212.02,10.099,0.0926,1.06,Rocky (Earth-like),1.038,6185.0,1.5513,1.1832,1.7064,False,13.96
K04287.01,13.1231,0.1155,0.98,Rocky (Earth-like),1.194,6344.0,3.3444,1.7373,2.5054,False,11.265
K04288.02,9.0875,0.0872,0.75,Rocky (Earth-like),1.07,5989.0,1.7152,1.2442,1.7942,False,12.4
K04152.01,64.1836,0.3516,147.1,Super-Jupiter,1.407,6955.0,5.1812,2.1624,3.1184,False,12.972
K04011.01,2.1907,0.034,0.99,Rocky (Earth-like),1.092,6205.0,1.7164,1.2446,1.7949,False,12.521
K04226.01,49.5645,0.2751,1.71,Super-Earth,1.131,5818.0,2.2853,1.4361,2.0711,False,12.83
K04021.01,7.2353,0.084,2.04,Mini-Neptune,1.509,7232.0,9.2084,2.8828,4.1573,False,13.166
K04021.02,4.9321,0.065,1.63,Super-Earth,1.509,7232.0,9.2084,2.8828,4.1573,False,13.166
K04235.01,66.6431,0.3482,3.15,Mini-Neptune,1.268,6609.0,3.4612,1.7674,2.5488,False,13.224
K04022.01,4.8582,0.0548,0.91,Rocky (Earth-like),0.929,6110.0,1.4477,1.143,1.6484,False,13.269
K04097.02,4.4491,0.0457,0.6,Rocky (Earth-like),0.643,4358.0,0.1244,0.3351,0.4832,False,13.435
K04098.01,1.1217,0.0222,2.38,Mini-Neptune,1.157,5023.0,3.7753,1.8459,2.6619,False,13.875
K04245.01,24.6686,0.1777,1.94,Super-Earth,1.23,6028.0,2.7659,1.5799,2.2784,False,13.572
K04037.01,215.9599,0.7455,3.14,Mini-Neptune,1.185,6532.0,2.9503,1.6318,2.3532,False,12.853
K04457.01,79.3321,0.3646,1.6,Super-Earth,1.027,6384.0,1.9709,1.3337,1.9233,False,13.815
K04323.01,11.4958,0.1036,1.62,Super-Earth,1.123,6290.0,3.1852,1.6955,2.4451,False,13.582
K04462.01,45.163,0.2942,2.35,Mini-Neptune,1.665,7675.0,12.6402,3.3775,4.8708,False,11.069
K04329.01,17.801,0.1351,0.71,Rocky (Earth-like),1.037,6338.0,1.4739,1.1533,1.6632,False,12.018
K04331.01,1.7179,0.0306,1.34,Super-Earth,1.299,6674.0,4.7701,2.0749,2.9922,False,13.228
K04399.01,42.1005,0.2276,2.77,Mini-Neptune,0.887,5654.0,3.4722,1.7702,2.5528,False,11.965
K04546.01,0.7418,0.0164,55.97,Super-Jupiter,1.079,6163.0,1.3282,1.0949,1.5789,False,13.469
K04341.01,10.7783,0.0973,1.29,Super-Earth,1.057,6734.0,2.9663,1.6362,2.3595,False,13.264
K04407.01,1.3381,0.0242,0.67,Rocky (Earth-like),1.05,6331.0,3.4006,1.7519,2.5264,False,11.179
K04557.01,5.7565,0.0648,0.85,Rocky (Earth-like),1.093,6210.0,1.4238,1.1336,1.6347,False,13.666
K04345.01,4.3271,0.0483,45.8,Super-Jupiter,0.804,5776.0,2.1141,1.3813,1.992,False,13.404
K04482.01,5.3829,0.0639,0.83,Rocky (Earth-like),1.199,6362.0,2.791,1.5871,2.2888,False,12.642
K04556.01,21.5809,0.1554,1.43,Super-Earth,1.074,5790.0,4.2873,1.9671,2.8367,False,11.981
K04421.01,4.727,0.0548,0.52,Rocky (Earth-like),0.981,6183.0,1.3165,1.09,1.5719,False,12.788
K04423.01,7.6521,0.0764,0.8,Rocky (Earth-like),1.014,6312.0,1.2853,1.077,1.5532,False,13.099
K04426.01,369.1324,1.0346,2.14,Mini-Neptune,1.084,6282.0,2.9337,1.6272,2.3465,False,13.665
K04431.01,19.5651,0.1505,1.13,Rocky (Earth-like),1.188,6350.0,2.8347,1.5995,2.3066,False,12.674
K04296.01,2.4938,0.0359,0.8,Rocky (Earth-like),0.995,6171.0,1.6118,1.2061,1.7393,False,13.03
K04298.01,2.8949,0.0445,1.18,Rocky (Earth-like),1.407,7051.0,6.1257,2.3513,3.3908,False,13.458
K04367.01,170.9941,0.6069,2.34,Mini-Neptune,1.02,6263.0,1.2537,1.0637,1.534,False,13.985
K04435.01,10.8615,0.0981,0.84,Rocky (Earth-like),1.069,6328.0,1.4763,1.1543,1.6646,False,13.517
K04505.01,18.0072,0.1415,1.04,Rocky (Earth-like),1.165,6567.0,2.1838,1.4039,2.0245,False,13.615
K04302.01,5.5331,0.0618,0.89,Rocky (Earth-like),1.027,6529.0,2.4067,1.4738,2.1254,False,13.591
K04443.01,5.6758,0.0678,1.06,Rocky (Earth-like),1.292,6678.0,3.6641,1.8185,2.6224,False,13.802
K04377.01,19.8751,0.1645,2.86,Mini-Neptune,1.502,6423.0,11.8523,3.2706,4.7165,False,13.543
K04318.01,14.8162,0.1291,1.45,Super-Earth,1.308,6714.0,3.7125,1.8304,2.6397,False,12.583
K04452.01,12.8576,0.1003,1.19,Rocky (Earth-like),0.815,5977.0,1.6876,1.2341,1.7797,False,13.821
K04744.01,3.3915,0.0442,0.54,Rocky (Earth-like),1.0,5896.0,0.9058,0.9041,1.3039,False,13.773
K04818.01,3.7989,0.0525,1.02,Rocky (Earth-like),1.338,6828.0,3.8496,1.8639,2.688,False,13.008
K04601.01,7.9401,0.0798,0.99,Rocky (Earth-like),1.075,6254.0,1.5538,1.1842,1.7077,False,13.757
K04822.01,3.5141,0.0461,0.69,Rocky (Earth-like),1.058,6201.0,1.2976,1.0822,1.5606,False,13.474
K04603.01,15.9514,0.1308,1.25,Super-Earth,1.173,6453.0,2.2815,1.4349,2.0693,False,13.629
K04605.01,7.786,0.0767,0.71,Rocky (Earth-like),0.994,6045.0,1.0904,0.992,1.4306,False,13.515
K04674.01,4.8435,0.0542,0.81,Rocky (Earth-like),0.906,5762.0,1.1028,0.9976,1.4387,False,13.59
K04676.01,31.1837,0.2158,3.21,Mini-Neptune,1.378,5947.0,6.5018,2.4224,3.4933,False,13.931
K04823.01,4.9651,0.0566,1.37,Super-Earth,0.982,5339.0,2.9482,1.6312,2.3523,False,12.739
K04614.01,6.4547,0.072,1.22,Rocky (Earth-like),1.194,6475.0,3.0383,1.6559,2.388,False,13.784
K04686.01,11.831,0.1013,0.92,Rocky (Earth-like),0.991,5619.0,1.6689,1.2273,1.7698,False,12.327
K04833.01,4.3172,0.0515,1.05,Rocky (Earth-like),0.979,5992.0,1.9848,1.3384,1.9301,False,13.6
K04834.01,3.741,0.0546,1.74,Super-Earth,1.554,5110.0,6.3863,2.4008,3.4621,False,13.096
K04771.01,142.7052,0.5903,1.95,Super-Earth,1.347,6711.0,3.1709,1.6917,2.4396,False,13.964
K04839.01,21.8419,0.162,2.1,Mini-Neptune,1.189,6194.0,6.6322,2.4465,3.5282,False,13.547
K04699.01,3.0771,0.0425,0.64,Rocky (Earth-like),1.084,6319.0,1.5235,1.1726,1.691,False,12.889
K04773.01,8.8493,0.0838,0.87,Rocky (Earth-like),1.004,6095.0,1.5256,1.1734,1.6922,False,13.556
K04774.01,51.5677,0.2539,1.3,Super-Earth,0.821,5285.0,0.5371,0.6962,1.004,False,13.882
K04775.01,16.449,0.1353,1.82,Super-Earth,1.22,5346.0,3.2256,1.7062,2.4605,False,12.999
K04633.01,11.6934,0.1032,1.38,Super-Earth,1.072,5984.0,3.3915,1.7495,2.523,False,13.848
K04634.01,4.0275,0.0493,1.01,Rocky (Earth-like),0.987,6163.0,1.4054,1.1262,1.6241,False,13.685
K04637.01,4.3799,0.0558,0.73,Rocky (Earth-like),1.21,6390.0,5.1196,2.1495,3.0998,False,10.438
K04567.01,14.7441,0.1179,42.58,Super-Jupiter,1.006,6146.0,1.2471,1.0609,1.5299,False,13.775
K04713.01,8.7964,0.0834,0.99,Rocky (Earth-like),1.0,5780.0,1.0014,0.9507,1.371,False,13.641
K04715.01,53.2857,0.2579,1.32,Super-Earth,0.806,6015.0,1.3121,1.0882,1.5693,False,13.98
K04716.01,5.8944,0.0631,0.61,Rocky (Earth-like),0.964,6177.0,1.5604,1.1867,1.7113,False,12.322
K04647.01,37.9046,0.2239,2.18,Mini-Neptune,1.042,5303.0,2.7369,1.5716,2.2665,False,13.726
K04575.01,201.3338,0.7279,1.79,Super-Earth,1.269,6582.0,4.3001,1.97,2.8409,False,13.174
K04651.01,1.1926,0.0207,0.74,Rocky (Earth-like),0.837,5600.0,0.9054,0.9039,1.3036,False,13.818
K04580.01,6.3042,0.0708,1.22,Rocky (Earth-like),1.192,6728.0,6.197,2.3649,3.4104,False,13.01
K04581.01,6.0061,0.0657,0.73,Rocky (Earth-like),1.05,6103.0,1.6749,1.2295,1.773,False,13.549
K04582.01,4.2243,0.0515,0.6,Rocky (Earth-like),1.019,5984.0,2.8938,1.6161,2.3305,False,11.756
K04653.01,19.9777,0.154,1.08,Rocky (Earth-like),1.221,6362.0,1.9236,1.3176,1.9001,False,13.52
K04656.01,3.8184,0.0526,1.21,Rocky (Earth-like),1.333,6714.0,4.9154,2.1062,3.0374,False,13.821
K04657.01,7.5762,0.0717,0.55,Rocky (Earth-like),0.856,5366.0,0.4445,0.6334,0.9134,False,13.241
K04588.01,7.5374,0.0802,1.0,Rocky (Earth-like),1.211,6483.0,3.2636,1.7162,2.475,False,12.912
K04663.01,5.6569,0.06,0.67,Rocky (Earth-like),0.902,5633.0,1.4115,1.1287,1.6276,False,12.715
K04811.01,21.7437,0.1518,1.98,Super-Earth,0.987,5767.0,2.224,1.4167,2.0431,False,13.816
K04813.01,9.2295,0.073,0.8,Rocky (Earth-like),0.608,4780.0,0.1709,0.3927,0.5664,False,13.78
K04907.01,4.0448,0.0508,0.7,Rocky (Earth-like),1.066,6351.0,1.8507,1.2924,1.8638,False,13.778
K04913.01,6.7879,0.0761,1.37,Super-Earth,1.277,6543.0,3.6018,1.8029,2.6,False,13.36
K04864.01,5.6649,0.0593,0.78,Rocky (Earth-like),0.865,5888.0,1.3769,1.1147,1.6076,False,13.221
K04871.01,4.0819,0.0509,0.65,Rocky (Earth-like),1.056,6532.0,2.5398,1.514,2.1833,False,13.05
K04878.01,449.015,1.1368,1.04,Rocky (Earth-like),0.972,6031.0,1.3539,1.1054,1.5941,True,12.291
K04881.01,5.6793,0.0648,10.63,Gas Giant,1.127,6514.0,4.0583,1.9138,2.7599,False,12.892
K03207.01,0.9544,0.0232,2.27,Mini-Neptune,1.836,7056.0,17.2494,3.9456,5.6899,False,11.872
K04567.01,14.7441,0.1179,42.58,Super-Jupiter,1.006,6146.0,1.2471,1.0609,1.5299,False,13.775
K04567.02,4.6725,0.0548,1694.66,Super-Jupiter,1.006,6146.0,1.2471,1.0609,1.5299,False,13.775
K00647.02,8.1135,0.0798,0.74,Rocky (Earth-like),1.028,6458.0,1.8507,1.2924,1.8638,False,13.55
K04575.01,201.3338,0.7279,1.79,Super-Earth,1.269,6582.0,4.3001,1.97,2.8409,False,13.174
K04936.01,0.6811,0.0141,46.44,Super-Jupiter,0.811,5872.0,0.7963,0.8477,1.2225,False,12.545
K00075.01,105.8824,0.4817,10.5,Gas Giant,1.33,5896.0,6.9236,2.4997,3.6048,False,10.775
K04647.01,37.9046,0.2239,2.18,Mini-Neptune,1.042,5303.0,2.7369,1.5716,2.2665,False,13.726
K04647.02,12.0087,0.1041,1.77,Super-Earth,1.042,5303.0,2.7369,1.5716,2.2665,False,13.726
K04980.01,2.976,0.0417,105.2,Super-Jupiter,1.09,6582.0,3.4242,1.7579,2.5351,False,11.287
K04657.01,7.5762,0.0717,0.55,Rocky (Earth-like),0.856,5366.0,0.4445,0.6334,0.9134,False,13.241
K04657.02,10.4315,0.0887,0.6,Rocky (Earth-like),0.856,5366.0,0.4445,0.6334,0.9134,False,13.241
K04968.01,2.9454,0.0513,57.62,Super-Jupiter,2.07,4584.0,146.8775,11.5133,16.6034,False,11.557
K04771.01,142.7052,0.5903,1.95,Super-Earth,1.347,6711.0,3.1709,1.6917,2.4396,False,13.964
K04774.01,51.5677,0.2539,1.3,Super-Earth,0.821,5285.0,0.5371,0.6962,1.004,False,13.882
K04878.01,449.015,1.1368,1.04,Rocky (Earth-like),0.972,6031.0,1.3539,1.1054,1.5941,True,12.291
K04958.01,581.729,1.3671,2.74,Mini-Neptune,1.007,5765.0,3.984,1.8962,2.7345,False,12.362
K04959.01,420.9296,1.1194,97.31,Super-Jupiter,1.056,6462.0,2.1673,1.3986,2.0169,False,13.858
K04972.01,26.0918,0.1759,1.12,Rocky (Earth-like),1.066,6348.0,1.498,1.1627,1.6768,False,13.98
K04976.01,624.9034,1.6491,2.77,Mini-Neptune,1.532,7089.0,6.7736,2.4725,3.5656,False,13.62
K04988.01,484.172,1.2555,2.38,Mini-Neptune,1.126,5858.0,1.1428,1.0156,1.4646,True,13.881
K04715.01,53.2857,0.2579,1.32,Super-Earth,0.806,6015.0,1.3121,1.0882,1.5693,False,13.98
K04913.02,8.9737,0.0917,1.57,Super-Earth,1.277,6543.0,3.6018,1.8029,2.6,False,13.36
K04923.01,38.1687,0.2238,1.4,Super-Earth,1.026,6164.0,2.7798,1.5839,2.2842,False,13.195
K05281.01,263.9014,0.9977,23.91,Super-Jupiter,1.902,5094.0,23.5759,4.6127,6.652,False,13.485
K05107.01,169.3307,0.7339,16.68,Super-Jupiter,1.839,5106.0,30.3276,5.2317,7.5447,False,13.743
K05110.01,105.5902,0.478,8.1,Gas Giant,1.307,5069.0,13.6819,3.514,5.0675,False,11.653
K05287.01,3.9891,0.0725,28.29,Super-Jupiter,3.192,4998.0,146.6924,11.5061,16.593,False,13.56
K05023.01,73.3379,0.38,93.7,Super-Jupiter,1.361,7216.0,5.0443,2.1337,3.077,False,13.559
K05027.01,62.3124,0.3884,6.15,Gas Giant,2.012,4999.0,17.6653,3.9929,5.7581,False,13.172
K05205.01,313.0514,0.9235,2.91,Mini-Neptune,1.072,6218.0,1.8833,1.3037,1.8801,False,12.842
K05207.01,18.9822,0.1287,0.65,Rocky (Earth-like),0.79,5830.0,0.7055,0.7979,1.1507,False,13.048
K05033.01,127.6717,0.4728,5.52,Gas Giant,0.865,4985.0,3.8411,1.8619,2.685,False,13.832
K05119.01,143.1637,0.7165,20.03,Super-Jupiter,2.394,5145.0,36.8209,5.7646,8.3132,False,12.644
K05121.01,401.2044,1.1879,2.14,Mini-Neptune,1.389,6079.0,4.4791,2.0106,2.8995,False,12.616
K05211.01,3.5645,0.044,0.57,Rocky (Earth-like),0.894,5461.0,0.5326,0.6933,0.9998,False,12.936
K05298.01,1.1955,0.0231,160.98,Super-Jupiter,1.15,6047.0,6.149,2.3557,3.3972,False,13.535
K05300.01,188.9658,0.6582,1.41,Super-Earth,1.065,6391.0,2.1411,1.3901,2.0047,False,13.039
K05034.01,282.5363,0.8657,113.93,Super-Jupiter,1.084,6401.0,2.9945,1.6439,2.3707,False,13.252
K05126.01,418.0435,1.2977,13.73,Super-Jupiter,1.668,5110.0,18.2974,4.0637,5.8602,False,13.637
K05335.01,1.7526,0.0294,124.27,Super-Jupiter,1.101,5853.0,3.3926,1.7498,2.5234,False,11.388
K05129.01,0.6688,0.0156,115.78,Super-Jupiter,1.134,3299.0,2361.1832,46.1624,66.5711,False,11.598
K05132.01,43.9312,0.3059,73.52,Super-Jupiter,1.979,4977.0,22.8527,4.5414,6.5492,False,12.776
K05220.01,1.5347,0.0344,31.85,Super-Jupiter,2.309,4961.0,124.7361,10.6101,15.3009,False,12.224
K05223.01,354.2115,1.0489,8.41,Gas Giant,1.227,4842.0,4.5426,2.0248,2.9199,False,13.682
K05046.01,40.9882,0.2378,1.44,Super-Earth,1.068,6705.0,2.4993,1.5019,2.1659,False,13.006
K05048.01,138.3337,0.5084,6.28,Gas Giant,0.916,4948.0,3.4887,1.7744,2.5589,False,13.419
K05230.01,330.7381,1.0078,4.42,Gas Giant,1.248,5458.0,4.7909,2.0794,2.9987,False,13.381
K05321.01,215.6328,0.7108,2.02,Mini-Neptune,1.03,6163.0,3.1824,1.6947,2.444,False,13.793
K05322.01,30.9289,0.228,8.1,Gas Giant,1.653,5029.0,15.0849,3.6897,5.321,False,13.907
K05323.01,7.1556,0.093,48.37,Super-Jupiter,2.096,4992.0,36.124,5.7098,8.2341,False,13.672
K05324.01,293.3926,0.8786,6.84,Gas Giant,1.051,5203.0,6.1366,2.3534,3.3938,False,13.705
K05052.01,155.0453,0.6935,24518.8,Super-Jupiter,1.851,6910.0,15.3233,3.7188,5.3629,False,12.649
K05336.01,265.7429,0.8777,2.95,Mini-Neptune,1.277,6543.0,3.6018,1.8029,2.6,False,13.491
K05341.01,15.1858,0.122,6.56,Gas Giant,1.05,6311.0,2.5518,1.5176,2.1885,False,12.493
K05057.01,493.7424,1.2351,7.15,Gas Giant,1.031,5015.0,5.9685,2.3209,3.347,False,12.518
K05058.01,1.7144,0.0304,131.63,Super-Jupiter,1.274,6351.0,3.8592,1.8663,2.6913,False,13.309
K05059.01,646.2882,1.4645,29.48,Super-Jupiter,1.003,6484.0,2.2571,1.4272,2.0582,True,13.03
K05236.01,550.8598,1.3527,1.98,Super-Earth,1.088,6241.0,1.4469,1.1427,1.6479,True,13.093
K05310.01,22.2903,0.1403,0.96,Rocky (Earth-like),0.742,5696.0,0.6553,0.769,1.109,False,13.993
K05156.01,1.6803,0.0251,30.88,Super-Jupiter,0.747,6423.0,2.3707,1.4627,2.1094,False,12.075
K05243.01,17.7454,0.1415,115.37,Super-Jupiter,1.2,6337.0,7.105,2.5322,3.6518,False,12.366
K05068.01,385.2921,1.0064,1.57,Super-Earth,0.916,6440.0,1.7112,1.2427,1.7921,False,13.086
K05158.01,151.1301,0.6136,4.41,Gas Giant,1.349,6768.0,9.9757,3.0005,4.3271,False,11.867
K05344.01,445.3513,1.2931,3.66,Mini-Neptune,1.454,7202.0,7.4346,2.5903,3.7355,False,13.735
K05164.01,209.9675,0.7105,1.16,Rocky (Earth-like),1.085,6437.0,1.6725,1.2286,1.7718,False,12.489
K05254.01,232.9161,0.7521,1.2,Rocky (Earth-like),1.046,5807.0,2.2833,1.4355,2.0702,False,10.926
K05255.01,3.6607,0.0474,0.55,Rocky (Earth-like),1.058,6354.0,1.776,1.266,1.8258,False,13.164
K05317.01,46.2705,0.2567,180.46,Super-Jupiter,1.054,6354.0,1.69,1.235,1.781,False,13.529
K05079.01,56.0018,0.284,1.54,Super-Earth,0.974,6116.0,2.2272,1.4178,2.0446,False,13.228
K05083.01,69.9325,0.4148,8.25,Gas Giant,1.946,5207.0,17.7175,3.9988,5.7666,False,13.809
K05086.01,21.9287,0.1468,120.99,Super-Jupiter,0.878,5078.0,3.9464,1.8872,2.7216,False,10.946
K05087.01,651.0743,1.4499,1.55,Super-Earth,0.959,5696.0,1.5018,1.1642,1.6789,True,12.524
K05176.01,215.7324,0.6546,1.26,Super-Earth,0.804,5790.0,0.7388,0.8166,1.1776,False,13.372
K05179.01,1.0495,0.023,0.87,Rocky (Earth-like),1.469,7479.0,7.8007,2.6533,3.8264,False,12.519
K05092.01,271.7903,0.8606,2.38,Mini-Neptune,1.151,6484.0,2.7632,1.5792,2.2773,False,13.887
K05093.01,26.7371,0.165,26.06,Super-Jupiter,0.838,6068.0,1.268,1.0698,1.5427,False,12.688
K05274.01,55.7584,0.3016,3.13,Mini-Neptune,1.177,5376.0,4.9923,2.1226,3.0611,False,12.746
K05007.01,14.5169,0.1217,1.85,Super-Earth,1.141,5934.0,3.9528,1.8888,2.7238,False,13.698
K05099.01,111.1871,0.4338,1.51,Super-Earth,0.881,5806.0,1.673,1.2288,1.772,False,12.709
K05101.01,436.1881,1.123,1.64,Super-Earth,0.993,6499.0,3.5869,1.7992,2.5947,False,13.026
K05196.01,392.4734,1.0989,2.41,Mini-Neptune,1.149,6640.0,2.227,1.4177,2.0445,False,12.361
K05642.01,222.2806,0.7773,2.56,Mini-Neptune,1.268,6543.0,3.8543,1.8651,2.6896,False,12.401
K05373.01,50.5508,0.3042,5.0,Gas Giant,1.47,5031.0,8.5597,2.7794,4.0082,False,11.509
K05375.01,285.3777,0.7931,6.14,Gas Giant,0.817,5142.0,4.7641,2.0735,2.9903,False,13.863
K05472.01,97.5137,0.4607,5.27,Gas Giant,1.372,5437.0,7.9283,2.6749,3.8575,False,12.603
K05379.01,520.6552,1.4234,7.58,Gas Giant,1.419,5227.0,12.4583,3.3532,4.8356,False,12.518
K05564.01,3.4795,0.0568,596.25,Super-Jupiter,2.017,4724.0,117.4798,10.2969,14.8492,False,10.565
K05566.01,0.9887,0.0222,3.19,Mini-Neptune,1.49,6456.0,11.9852,3.2889,4.7429,False,12.551
K05388.01,137.3965,0.5693,2.9,Mini-Neptune,1.304,5425.0,5.4779,2.2235,3.2065,False,13.668
K05572.01,21.9578,0.148,0.78,Rocky (Earth-like),0.896,5192.0,0.4194,0.6152,0.8872,False,13.596
K05660.01,402.2097,1.0897,10.03,Gas Giant,1.067,4961.0,11.7459,3.2559,4.6953,False,13.66
K05663.01,140.8847,0.535,1.21,Rocky (Earth-like),1.029,6200.0,1.2167,1.0479,1.5112,False,13.06
K05393.01,248.4218,0.8918,18.92,Super-Jupiter,1.533,4895.0,21.284,4.3828,6.3204,False,13.586
K05486.01,4.1547,0.0567,8.21,Gas Giant,1.405,7025.0,5.949,2.3171,3.3415,False,12.572
K05577.01,495.519,1.2504,2.94,Mini-Neptune,1.062,6043.0,3.1945,1.698,2.4486,False,13.5
K05578.01,388.0485,1.1335,3.0,Mini-Neptune,1.29,5779.0,6.0558,2.3378,3.3714,False,11.084
K05665.01,100.4941,0.4545,1.33,Super-Earth,1.24,6018.0,3.6039,1.8035,2.6008,False,11.484
K05585.01,113.5739,0.469,3.45,Mini-Neptune,1.067,5155.0,3.1592,1.6885,2.4351,False,12.397
K05666.01,182.4532,0.6194,1.26,Super-Earth,0.952,6164.0,1.113,1.0022,1.4453,False,13.872
K05671.01,190.9052,0.6437,1.73,Super-Earth,0.976,6098.0,1.587,1.1968,1.7259,False,13.574
K05406.01,5.7197,0.067,0.82,Rocky (Earth-like),1.227,6356.0,5.0931,2.144,3.0918,False,11.331
K05497.01,93.3597,0.4309,1.05,Rocky (Earth-like),1.224,6809.0,5.3978,2.2072,3.1829,False,10.926
K05498.01,519.7981,1.2962,46.12,Super-Jupiter,1.075,6254.0,1.5538,1.1842,1.7077,True,12.651
K05500.01,84.9344,0.3802,1.6,Super-Earth,1.016,6290.0,2.733,1.5705,2.2649,False,13.67
K05591.01,317.0094,0.9533,4.03,Gas Giant,1.15,5066.0,3.0451,1.6578,2.3907,False,13.555
K05684.01,206.8011,0.9376,24.34,Super-Jupiter,2.571,5048.0,43.1991,6.244,9.0045,False,11.128
K05685.01,14.0019,0.1112,17.96,Super-Jupiter,0.936,4883.0,21.5641,4.4115,6.3619,False,13.814
K05410.01,24.153,0.1674,1.1,Rocky (Earth-like),1.073,6223.0,1.6133,1.2066,1.7401,False,13.664
K05411.01,11.1733,0.1133,1.52,Super-Earth,1.552,7372.0,8.1339,2.7094,3.9072,False,13.335
K05704.01,96.1671,0.378,1.15,Rocky (Earth-like),0.779,5147.0,0.3228,0.5397,0.7784,False,13.419
K05511.01,74.8336,0.3555,1.68,Super-Earth,1.07,5933.0,3.63,1.81,2.6102,False,12.395
K05597.01,7.7772,0.0744,1.1,Rocky (Earth-like),0.907,5243.0,0.8718,0.887,1.2792,False,13.725
K05426.01,124.8856,0.4718,1.74,Super-Earth,0.898,6103.0,1.8954,1.3079,1.8861,False,13.701
K05514.01,102.1008,0.4735,2.63,Mini-Neptune,1.358,6359.0,4.913,2.1057,3.0366,False,13.845
K05515.01,6.2635,0.0651,6.41,Gas Giant,0.936,6247.0,1.948,1.3259,1.9121,False,13.952
K05517.01,335.4314,1.123,7.12,Gas Giant,1.679,5172.0,14.3084,3.5935,5.1822,False,13.938
K05603.01,341.5579,1.0288,6.81,Gas Giant,1.245,5138.0,6.0011,2.3272,3.3561,False,12.472
K05604.01,476.9198,1.2894,2.49,Mini-Neptune,1.257,6282.0,4.1578,1.9371,2.7935,False,12.952
K05521.01,31.5912,0.1953,12.22,Super-Jupiter,0.995,5178.0,3.3971,1.751,2.5251,False,13.687
K05708.01,7.8634,0.0808,31.85,Super-Jupiter,1.136,5738.0,3.7135,1.8307,2.6401,False,12.524
K05436.01,28.2972,0.177,59.66,Super-Jupiter,0.924,6324.0,2.2638,1.4294,2.0613,False,12.796
K05529.01,70.3359,0.3356,39.48,Super-Jupiter,1.019,6082.0,2.0939,1.3747,1.9824,False,11.701
K05680.01,557.9288,1.2272,2.97,Mini-Neptune,0.792,5553.0,2.9008,1.618,2.3333,False,13.263
K05532.01,24.6777,0.1775,6.04,Gas Giant,1.225,4995.0,14.2886,3.591,5.1786,False,13.434
K05451.01,529.3917,1.3395,4.4,Gas Giant,1.144,5283.0,4.3821,1.9887,2.8679,False,13.156
K05629.01,192.1387,0.678,1.93,Super-Earth,1.126,6065.0,2.9885,1.6423,2.3684,False,12.534
K05358.01,126.5861,0.5026,1.54,Super-Earth,1.057,6611.0,2.6735,1.5533,2.2401,False,12.968
K05543.01,7.415,0.1115,51.51,Super-Jupiter,3.366,4989.0,185.4517,12.9372,18.6567,False,13.56
K05545.01,541.0447,1.2448,1.08,Rocky (Earth-like),0.879,5829.0,0.6662,0.7754,1.1182,False,13.607
K05632.01,264.4655,0.9079,4.41,Gas Giant,1.427,6543.0,6.8432,2.4852,3.5839,False,11.154
K05633.01,151.7788,0.6434,4.35,Gas Giant,1.542,6328.0,14.1304,3.5711,5.1499,False,11.141
K05360.01,54.5957,0.2842,2.0,Mini-Neptune,1.027,6014.0,3.3879,1.7486,2.5217,False,13.67
K05459.01,53.5537,0.2919,2.11,Mini-Neptune,1.157,6185.0,3.1625,1.6894,2.4363,False,11.47
K05461.01,119.0796,0.6491,17.89,Super-Jupiter,2.573,4849.0,40.0348,6.0109,8.6684,False,13.468
K05552.01,295.9581,0.8142,3.83,Mini-Neptune,0.822,5364.0,2.3243,1.4483,2.0887,False,13.344
K05639.01,279.2196,0.8634,4.92,Gas Giant,1.101,5159.0,4.3096,1.9722,2.8441,False,13.845
K05640.01,348.666,1.0516,9.56,Gas Giant,1.276,5183.0,15.4822,3.738,5.3906,False,12.038
K05369.01,651.358,1.8901,14.58,Super-Jupiter,2.123,5122.0,24.2067,4.674,6.7404,False,12.888
K05554.01,362.222,0.9509,0.96,Rocky (Earth-like),0.874,6113.0,2.0431,1.3579,1.9582,False,11.189
K05556.01,631.9912,1.3921,1.86,Super-Earth,0.901,5594.0,0.8892,0.8958,1.2919,False,13.415
K05736.01,161.6513,0.5649,1.34,Super-Earth,0.92,5850.0,0.7379,0.8161,1.1768,False,13.756
K05737.01,376.2425,1.0118,1.32,Super-Earth,0.976,5916.0,1.0128,0.9561,1.3787,True,13.772
K05830.01,72.7824,0.4333,11.19,Super-Jupiter,2.049,5099.0,32.471,5.4134,7.8067,False,13.628
K05833.01,440.161,1.1203,3.28,Mini-Neptune,0.968,6277.0,1.3569,1.1066,1.5959,True,13.014
K05919.01,290.1966,0.9202,2.65,Mini-Neptune,1.234,6256.0,3.0429,1.6572,2.3898,False,13.511
K05744.01,30.6953,0.185,57.53,Super-Jupiter,0.897,6340.0,1.6318,1.2135,1.7501,False,12.508
K05839.01,169.4151,0.6366,2.32,Mini-Neptune,1.199,6362.0,2.791,1.5871,2.2888,False,12.427
K05925.01,93.006,0.4071,1.97,Super-Earth,1.04,5518.0,2.5241,1.5093,2.1766,False,12.979
K05747.01,411.4471,1.185,2.86,Mini-Neptune,1.311,6519.0,4.5299,2.0219,2.9158,False,13.81
K05752.01,1.3917,0.0234,35.67,Super-Jupiter,0.885,3749.0,631.346,23.8703,34.4234,False,13.71
K05938.01,545.2056,1.3372,1.66,Super-Earth,1.073,6273.0,1.8533,1.2933,1.8651,True,12.812
K05939.01,105.0534,0.4561,1.52,Super-Earth,1.147,6471.0,2.0088,1.3465,1.9417,False,13.724
K05941.01,44.706,0.2217,60.47,Super-Jupiter,0.727,5509.0,0.5435,0.7004,1.01,False,13.783
K05761.01,6.1329,0.0669,0.88,Rocky (Earth-like),1.06,6140.0,1.6835,1.2326,1.7776,False,13.421
K05944.01,64.7132,0.3103,64.8,Super-Jupiter,0.952,6175.0,1.2375,1.0568,1.524,False,13.882
K05948.01,398.5131,0.9961,1.23,Rocky (Earth-like),0.83,5776.0,0.5753,0.7206,1.0391,True,13.843
K05949.01,559.7856,1.3342,1.88,Super-Earth,1.011,6201.0,1.6374,1.2156,1.7531,True,13.295
K05950.01,109.4395,0.4196,1.0,Rocky (Earth-like),0.823,5359.0,0.4063,0.6055,0.8733,False,13.718
K05772.01,75.6363,0.3562,1.32,Super-Earth,1.054,6072.0,1.205,1.0428,1.5039,False,13.825
K05868.01,22.7783,0.1649,1.89,Super-Earth,1.153,6538.0,3.5763,1.7966,2.5908,False,13.787
K05954.01,73.909,0.3461,0.94,Rocky (Earth-like),1.012,5865.0,0.8946,0.8985,1.2958,False,13.144
K05774.01,1.2137,0.0245,105.53,Super-Jupiter,1.337,6782.0,5.8196,2.2918,3.305,False,10.811
K05776.01,198.6004,0.6693,4.6,Gas Giant,1.014,5357.0,4.6997,2.0595,2.97,False,13.183
K05874.01,287.3367,0.8108,2.21,Mini-Neptune,0.861,5568.0,1.0875,0.9907,1.4287,False,13.618
K05960.01,32.4185,0.1878,1.62,Super-Earth,0.84,5622.0,1.8611,1.296,1.869,False,13.325
K05964.01,32.0335,0.2043,0.9,Rocky (Earth-like),1.108,6039.0,1.2053,1.043,1.5041,False,13.186
K05782.01,584.556,1.5197,6.69,Gas Giant,1.37,5208.0,8.6495,2.794,4.0292,False,11.367
K05968.01,97.9424,0.444,2.29,Mini-Neptune,1.217,5997.0,6.0537,2.3374,3.3708,False,11.366
K06047.01,8.7529,0.1011,92.61,Super-Jupiter,1.8,7279.0,17.3422,3.9562,5.7052,False,11.961
K05971.01,493.3057,0.9975,1.08,Rocky (Earth-like),0.544,4558.0,0.1163,0.324,0.4672,False,13.771
K05974.01,4.7682,0.0477,0.54,Rocky (Earth-like),0.638,4680.0,0.1813,0.4045,0.5833,False,13.442
K06066.01,13.7875,0.1206,29.46,Super-Jupiter,1.23,6654.0,3.6522,1.8155,2.6182,False,12.14
K05797.01,2.0375,0.0338,138.63,Super-Jupiter,1.244,6456.0,6.5886,2.4385,3.5166,False,12.22
K05976.01,2.7096,0.0435,217.65,Super-Jupiter,1.498,5030.0,15.5777,3.7495,5.4072,False,13.368
K05799.01,184.8832,0.6439,2.82,Mini-Neptune,1.042,5620.0,2.3518,1.4569,2.101,False,13.609
K05802.01,35.1642,0.2134,865.12,Super-Jupiter,1.049,5485.0,3.5371,1.7867,2.5766,False,13.945
K05713.01,2.506,0.0361,50.95,Super-Jupiter,1.0,5780.0,1.0014,0.9507,1.371,False,12.294
K05806.01,313.8275,0.8981,1.26,Super-Earth,0.981,5914.0,1.0391,0.9684,1.3965,False,12.355
K05810.01,425.5934,1.0813,2.25,Mini-Neptune,0.931,5458.0,1.6533,1.2215,1.7616,False,13.766
K05899.01,58.6692,0.2916,1.28,Super-Earth,0.961,5548.0,0.8264,0.8636,1.2454,False,13.899
K05901.01,61.6104,0.3223,1.11,Rocky (Earth-like),1.177,6540.0,2.8947,1.6163,2.3309,False,12.332
K05814.01,25.2852,0.1713,86.24,Super-Jupiter,1.048,6475.0,3.4825,1.7728,2.5566,False,12.138
K05815.01,207.7679,0.681,3.52,Mini-Neptune,0.976,5210.0,2.26,1.4282,2.0596,False,13.744
K05816.01,82.5081,0.4847,14.04,Super-Jupiter,2.231,4986.0,33.1585,5.4704,7.8889,False,12.594
K05817.01,113.0839,0.4653,1.37,Super-Earth,1.051,6522.0,2.6224,1.5384,2.2186,False,13.336
K05822.01,17.6343,0.1296,1.69,Super-Earth,0.933,4885.0,2.001,1.3438,1.938,False,12.31
K05825.01,208.0471,0.6336,2.05,Mini-Neptune,0.784,5991.0,1.6644,1.2256,1.7675,False,13.934
K06093.01,20.5719,0.1329,0.73,Rocky (Earth-like),0.739,5529.0,0.5832,0.7255,1.0462,False,13.33
K06093.02,27.2498,0.1602,0.76,Rocky (Earth-like),0.739,5529.0,0.5832,0.7255,1.0462,False,13.33
K06245.02,112.3174,0.4625,1.77,Super-Earth,1.046,6528.0,2.5867,1.5279,2.2034,False,12.431
K06246.01,9.1331,0.0867,1.46,Super-Earth,1.041,6122.0,1.1712,1.0281,1.4826,False,11.767
K06175.01,9.8687,0.1003,7648.02,Super-Jupiter,1.384,7301.0,7.5155,2.6044,3.7558,False,10.656
K06251.01,14.6677,0.1473,112.57,Super-Jupiter,1.98,7517.0,29.8124,5.1871,7.4803,False,13.415
K06101.01,17.734,0.1286,61.64,Super-Jupiter,0.901,5892.0,1.0028,0.9513,1.3719,False,12.553
K06176.01,143.0969,0.5924,1.48,Super-Earth,1.354,6725.0,3.1492,1.6859,2.4312,False,11.538
K06102.01,54.2916,0.3104,1.67,Super-Earth,1.353,6711.0,4.4573,2.0057,2.8924,False,10.915
K06103.02,122.8056,0.4896,1.99,Super-Earth,1.038,6109.0,1.737,1.2521,1.8056,False,13.436
K06183.01,4.3269,0.0517,108.74,Super-Jupiter,0.984,6231.0,3.0471,1.6583,2.3915,False,13.253
K06108.01,485.923,1.1281,1.07,Rocky (Earth-like),0.811,5551.0,0.7802,0.8391,1.2101,True,12.12
K06109.01,22.9134,0.182,163.59,Super-Jupiter,1.531,6620.0,12.0187,3.2935,4.7495,False,11.856
K06109.02,10.0047,0.1047,1.9,Super-Earth,1.531,6620.0,12.0187,3.2935,4.7495,False,11.856
K06111.01,228.6541,0.8973,3.63,Mini-Neptune,1.843,6845.0,14.0834,3.5651,5.1413,False,12.914
K06112.01,2.243,0.0327,91.85,Super-Jupiter,0.923,6181.0,2.7306,1.5698,2.2639,False,12.785
K06189.01,2.1799,0.0334,61.34,Super-Jupiter,1.043,6106.0,1.1638,1.0249,1.478,False,13.96
K06194.01,42.2966,0.2991,9.18,Gas Giant,1.996,4902.0,25.7929,4.8247,6.9578,False,12.057
K06118.02,4.6619,0.0609,1.16,Rocky (Earth-like),1.387,7081.0,5.9124,2.31,3.3312,False,12.767
K06121.01,1.2371,0.0232,75.5,Super-Jupiter,1.094,6131.0,1.3293,1.0953,1.5795,False,13.82
K06134.01,2.4044,0.0353,80.98,Super-Jupiter,1.011,6466.0,2.2962,1.4396,2.076,False,11.941
K06219.01,21.0255,0.159,105.44,Super-Jupiter,1.213,6632.0,5.9725,2.3217,3.3481,False,13.079
K06141.01,96.5092,0.5003,860.3,Super-Jupiter,1.793,7343.0,22.7771,4.5339,6.5384,False,8.655
K06235.01,2.0539,0.0318,169.85,Super-Jupiter,1.014,5051.0,9.7641,2.9685,4.2809,False,13.912
K06079.01,15.2493,0.1228,99.64,Super-Jupiter,1.062,6385.0,2.1081,1.3793,1.9891,False,13.593
K06239.01,406.4962,1.058,1.77,Super-Earth,0.956,5847.0,0.8195,0.86,1.2402,True,13.893
K06242.03,78.8668,0.3919,1.3,Super-Earth,1.291,6907.0,3.8944,1.8748,2.7036,False,12.914
K00649.02,10.2094,0.0975,0.89,Rocky (Earth-like),1.186,6078.0,2.5108,1.5053,2.1708,False,13.31
K00683.01,278.1244,0.8497,6.2,Gas Giant,1.058,5877.0,1.2904,1.0792,1.5563,False,13.714
K00686.01,52.5135,0.2595,11.38,Super-Jupiter,0.845,5559.0,0.6711,0.7782,1.1223,False,13.579
K03528.01,165.4058,0.5895,114.44,Super-Jupiter,0.999,6061.0,5.7806,2.2841,3.2939,False,12.724
K04123.01,44.623,0.2461,1.67,Super-Earth,0.998,6198.0,2.0325,1.3544,1.9532,False,13.519
K03805.01,56.6995,0.4044,704.51,Super-Jupiter,2.744,4831.0,119.4937,10.3848,14.9759,False,11.356
K00371.01,498.3911,1.4244,19.37,Super-Jupiter,1.552,5198.0,6.7365,2.4657,3.5558,False,12.193
K03811.01,290.1402,0.7616,6.53,Gas Giant,0.7,5551.0,0.4959,0.669,0.9648,True,13.906
K03878.02,15.3573,0.1157,7983.8,Super-Jupiter,0.876,5900.0,1.0915,0.9925,1.4313,False,12.72
K03880.01,1.8037,0.0295,1.03,Rocky (Earth-like),1.054,6438.0,2.0955,1.3752,1.9832,False,10.762
K03886.01,5.5665,0.0786,34.67,Super-Jupiter,2.088,4781.0,73.6687,8.1539,11.7588,False,9.837
K04021.01,7.2353,0.084,2.04,Mini-Neptune,1.509,7232.0,9.2084,2.8828,4.1573,False,13.166
K04129.01,2.3148,0.0322,0.73,Rocky (Earth-like),0.833,5240.0,0.5763,0.7212,1.04,False,13.506
K03890.01,152.8277,0.6756,32.24,Super-Jupiter,1.761,4991.0,31.3659,5.3205,7.6727,False,13.226
K03891.01,47.1098,0.2647,29177.0,Super-Jupiter,1.115,5258.0,5.2998,2.187,3.1539,False,13.731
K04021.02,4.9321,0.065,1.63,Super-Earth,1.509,7232.0,9.2084,2.8828,4.1573,False,13.166
K04136.01,2.4175,0.0346,0.69,Rocky (Earth-like),0.943,5770.0,0.7236,0.8081,1.1654,False,13.955
K04136.02,4.0336,0.0486,0.74,Rocky (Earth-like),0.943,5770.0,0.7236,0.8081,1.1654,False,13.955
K00064.01,1.9511,0.033,10.29,Gas Giant,1.262,5302.0,4.2108,1.9494,2.8113,False,13.143
K03823.01,202.1175,0.6661,5.5,Gas Giant,0.965,5817.0,0.7775,0.8377,1.208,False,13.922
K03473.01,27.6371,0.1929,8044.45,Super-Jupiter,1.254,5214.0,3.9058,1.8775,2.7075,False,13.851
K03536.01,156.5166,0.5625,61.35,Super-Jupiter,0.969,6002.0,1.3681,1.1112,1.6024,False,13.375
K03602.01,249.3625,0.7354,147.95,Super-Jupiter,0.853,5940.0,1.1621,1.0241,1.4769,False,13.867
K03541.01,421.4297,1.1533,8312.25,Super-Jupiter,1.152,6235.0,3.9556,1.8894,2.7248,False,13.769
K03608.01,244.8327,0.7652,44.19,Super-Jupiter,0.997,6105.0,1.2289,1.0531,1.5187,False,13.556
K03907.01,28.6433,0.1897,166.0,Super-Jupiter,1.11,6498.0,4.0388,1.9092,2.7533,False,12.642
K04032.05,7.2352,0.0715,0.78,Rocky (Earth-like),0.933,5574.0,0.9823,0.9416,1.3578,False,12.639
K04034.02,11.609,0.1129,14805.0,Super-Jupiter,1.425,6602.0,3.3265,1.7327,2.4987,False,13.487
K00353.01,152.1059,0.6116,9.6,Gas Giant,1.319,6823.0,3.6869,1.8241,2.6306,False,13.374
K04037.01,215.9599,0.7455,3.14,Mini-Neptune,1.185,6532.0,2.9503,1.6318,2.3532,False,12.853
K04097.02,4.4491,0.0457,0.6,Rocky (Earth-like),0.643,4358.0,0.1244,0.3351,0.4832,False,13.435
K04098.01,1.1217,0.0222,2.38,Mini-Neptune,1.157,5023.0,3.7753,1.8459,2.6619,False,13.875
K03557.01,243.8213,0.7742,45.02,Super-Jupiter,1.041,6462.0,2.1894,1.4057,2.0271,False,13.297
K03560.01,1.5018,0.0235,70.1,Super-Jupiter,0.769,6466.0,1.534,1.1766,1.6968,False,11.825
K00379.02,23.1377,0.1709,1.97,Super-Earth,1.244,6546.0,4.1857,1.9436,2.8029,False,13.319
K00396.01,14.5915,0.1166,486.62,Super-Jupiter,0.993,5940.0,1.9227,1.3173,1.8997,False,13.311
K03720.01,213.3991,0.7709,28.34,Super-Jupiter,1.342,6953.0,4.5004,2.0153,2.9063,False,13.381
K03496.02,8.5436,0.09,94.69,Super-Jupiter,1.333,6602.0,4.8394,2.0899,3.0138,False,13.932
K03782.01,186.517,0.7183,35.61,Super-Jupiter,1.421,5018.0,5.0857,2.1424,3.0896,False,13.529
K03783.01,197.1455,0.7897,61.72,Super-Jupiter,1.69,7214.0,9.0982,2.8655,4.1324,False,12.962
K03506.01,12.6253,0.1152,77.91,Super-Jupiter,1.278,6878.0,6.8275,2.4823,3.5797,False,12.933
K03573.01,43.5622,0.248,112.79,Super-Jupiter,1.072,6403.0,2.2299,1.4186,2.0458,False,13.676
K00350.01,12.9906,0.1086,2.16,Mini-Neptune,1.013,6031.0,1.3896,1.1199,1.615,False,13.387
K03641.01,178.413,0.5917,119.75,Super-Jupiter,0.868,5934.0,0.7013,0.7956,1.1473,False,13.944
K00397.01,27.6777,0.1819,21.38,Super-Jupiter,1.048,6075.0,1.1474,1.0176,1.4675,False,13.767
K03787.01,141.734,0.5313,1650.26,Super-Jupiter,0.996,5993.0,1.3979,1.1232,1.6198,False,13.891
K03853.01,21.5131,0.1754,48558.7,Super-Jupiter,1.554,5081.0,13.8407,3.5343,5.0968,False,10.63
K00366.01,75.1122,0.4153,23.3,Super-Jupiter,1.694,6201.0,14.9232,3.6699,5.2924,False,11.714
K03741.02,18.5774,0.14,1.59,Super-Earth,1.06,6432.0,2.7779,1.5834,2.2834,False,13.306
K03856.01,1.812,0.0343,301.38,Super-Jupiter,1.635,5904.0,12.2193,3.3208,4.789,False,13.493
K03991.01,1.5706,0.023,1.1,Rocky (Earth-like),0.66,5565.0,0.4133,0.6107,0.8808,False,13.14
K03515.01,82.1376,0.3726,241.28,Super-Jupiter,1.023,6395.0,2.1861,1.4046,2.0256,False,12.261
K03520.01,135.586,0.5189,72.72,Super-Jupiter,1.014,6074.0,1.3799,1.116,1.6093,False,13.674
K03583.01,210.3063,0.8204,106.18,Super-Jupiter,1.665,7591.0,12.1199,3.3073,4.7695,False,12.504
K03936.01,141.6089,0.5025,2.89,Mini-Neptune,0.844,5083.0,0.4266,0.6205,0.8948,False,13.336
K04060.01,225.2621,0.709,1.96,Super-Earth,0.937,5984.0,0.9153,0.9089,1.3107,False,13.841
K03522.01,241.0715,1.0034,21093.1,Super-Jupiter,2.319,9541.0,37.94,5.8516,8.4386,False,10.656
K03875.01,8.8704,0.0806,13045.6,Super-Jupiter,0.888,6022.0,2.7046,1.5623,2.2531,False,13.579
K07249.01,8.9651,0.0892,82.86,Super-Jupiter,1.177,6528.0,2.1736,1.4006,2.0198,False,12.039
K07430.01,1.3205,0.03,9.27,Gas Giant,2.062,5182.0,25.3772,4.7857,6.9015,False,11.466
K00636.01,12.0117,0.1225,52.31,Super-Jupiter,1.701,6753.0,10.7115,3.1092,4.4838,False,13.252
K00698.01,12.7187,0.107,88.05,Super-Jupiter,1.009,6120.0,3.206,1.701,2.453,False,13.816
K06526.01,486.7783,1.4636,9.3,Gas Giant,1.765,5039.0,14.1735,3.5765,5.1577,False,13.892
K06798.01,2.6418,0.0348,3.36,Mini-Neptune,0.805,5195.0,5.6292,2.254,3.2505,False,13.533
K06800.01,5.0777,0.0585,72.26,Super-Jupiter,1.034,6178.0,2.4246,1.4793,2.1332,False,12.847
K06889.01,75.9067,0.3438,0.63,Rocky (Earth-like),0.941,6140.0,1.8546,1.2937,1.8657,False,11.649
K07073.01,279.0127,0.8574,7218.97,Super-Jupiter,1.08,6338.0,1.8914,1.3065,1.8841,False,13.054
K07157.01,23.9828,0.1581,1.17,Rocky (Earth-like),0.916,5696.0,1.5765,1.1928,1.7202,False,13.863
K07435.01,1.3675,0.0242,1.03,Rocky (Earth-like),1.01,6343.0,2.144,1.391,2.006,False,13.861
K07525.01,0.5025,0.0121,43.01,Super-Jupiter,0.932,6134.0,1.0311,0.9647,1.3911,False,13.532
K07527.01,1.2627,0.0262,970.64,Super-Jupiter,1.511,5273.0,6.8824,2.4923,3.5941,False,13.573
K00641.01,14.8518,0.0988,2.3,Mini-Neptune,0.584,4137.0,0.0927,0.2892,0.4171,False,13.583
K06533.01,6.1265,0.076,1.55,Super-Earth,1.563,6903.0,5.4393,2.2156,3.1952,False,12.625
K06534.01,0.7206,0.0201,10.81,Gas Giant,2.095,8497.0,22.8628,4.5424,6.5507,False,12.051
K07162.01,5.1581,0.0629,1.64,Super-Earth,1.246,5162.0,5.4167,2.211,3.1885,False,13.031
K07258.01,2.4376,0.0373,1.03,Rocky (Earth-like),1.168,6170.0,4.4887,2.0127,2.9026,False,12.66
K07352.01,2.4133,0.0369,0.5,Rocky (Earth-like),1.149,6640.0,2.227,1.4177,2.0445,False,13.253
K00646.01,3.0415,0.0436,61.24,Super-Jupiter,1.199,6431.0,2.5736,1.524,2.1978,False,13.705
K06447.02,91.65,0.437,2.27,Mini-Neptune,1.325,6705.0,4.6887,2.0571,2.9665,False,12.964
K06450.01,0.6023,0.0139,0.78,Rocky (Earth-like),0.992,6510.0,2.43,1.4809,2.1356,False,12.361
K06630.01,34.6506,0.2233,6611.22,Super-Jupiter,1.237,6680.0,3.0798,1.6672,2.4043,False,12.954
K06631.01,2.5627,0.0354,0.83,Rocky (Earth-like),0.904,5475.0,1.5219,1.172,1.6901,False,13.273
K06994.01,4.2591,0.0515,0.83,Rocky (Earth-like),1.002,5858.0,2.5943,1.5301,2.2066,False,12.832
K07169.01,10.5114,0.0996,0.75,Rocky (Earth-like),1.191,6587.0,2.9698,1.6371,2.3609,False,12.931
K07264.01,19.1644,0.1354,0.78,Rocky (Earth-like),0.902,6197.0,1.289,1.0786,1.5554,False,13.314
K07354.01,43.2674,0.2503,0.93,Rocky (Earth-like),1.117,6063.0,1.2417,1.0586,1.5266,False,13.468
K07533.01,0.7609,0.0131,35.84,Super-Jupiter,0.523,4675.0,0.1119,0.3178,0.4583,False,12.402
K07534.01,23.3788,0.1637,0.92,Rocky (Earth-like),1.07,6210.0,1.4823,1.1566,1.668,False,13.853
K00647.02,8.1135,0.0798,0.74,Rocky (Earth-like),1.028,6458.0,1.8507,1.2924,1.8638,False,13.55
K00706.01,28.7142,0.1972,447.53,Super-Jupiter,1.24,6706.0,3.6432,1.8133,2.6149,False,13.765
K06728.01,1.1955,0.022,76.55,Super-Jupiter,1.0,5780.0,1.0014,0.9507,1.371,False,13.908
K06819.01,3.2262,0.0455,1.01,Rocky (Earth-like),1.205,6534.0,3.3769,1.7458,2.5176,False,11.429
K06906.01,1.7434,0.0309,140.49,Super-Jupiter,1.291,6640.0,3.8099,1.8543,2.6741,False,13.142
K07087.01,0.9982,0.0213,79.52,Super-Jupiter,1.292,6980.0,6.5594,2.4331,3.5088,False,12.457
K07174.01,1.5849,0.0218,0.36,Rocky (Earth-like),0.552,4201.0,0.0895,0.2842,0.4099,False,13.742
K07175.01,9.2743,0.0837,0.82,Rocky (Earth-like),0.909,5880.0,0.9436,0.9228,1.3308,False,12.997
K07360.01,4.0954,0.0549,7.76,Gas Giant,1.313,6839.0,5.6723,2.2626,3.2629,False,13.543
K07540.01,21.9804,0.1447,0.9,Rocky (Earth-like),0.837,5573.0,0.7582,0.8272,1.1929,False,13.852
K06460.01,2.4703,0.041,98.19,Super-Jupiter,1.501,7012.0,5.9913,2.3253,3.3534,False,11.108
K06733.01,1.2894,0.0234,0.68,Rocky (Earth-like),1.033,6450.0,2.0287,1.3531,1.9513,False,13.897
K06913.02,1.7517,0.0421,3.86,Mini-Neptune,3.249,10894.0,242.2093,14.7849,21.3214,False,13.752
K07093.01,97.9912,0.4414,1.3,Super-Earth,1.195,6484.0,2.182,1.4033,2.0237,False,13.65
K07179.01,407.1466,1.0755,1.18,Rocky (Earth-like),1.001,5845.0,1.5029,1.1646,1.6795,False,13.31
K07180.01,487.8389,1.2039,3.94,Mini-Neptune,0.978,5421.0,2.7298,1.5696,2.2635,False,13.728
K07279.01,11.7729,0.0962,0.74,Rocky (Earth-like),0.856,5676.0,0.605,0.7389,1.0656,False,13.717
K07455.01,3.7737,0.0536,2.44,Mini-Neptune,1.44,7302.0,10.9189,3.1392,4.527,False,11.419
K07546.01,44.1139,0.3099,4.9,Gas Giant,2.039,7854.0,40.9174,6.0768,8.7634,False,12.667
K06557.01,6.6345,0.072,1.07,Rocky (Earth-like),1.132,6474.0,2.4156,1.4765,2.1293,False,13.805
K06648.01,1.0444,0.0232,1.17,Rocky (Earth-like),1.523,7274.0,7.242,2.5565,3.6868,False,11.865
K07281.01,2.4651,0.0395,1.14,Rocky (Earth-like),1.356,6881.0,5.9091,2.3093,3.3303,False,12.446
K00715.01,1.6217,0.0274,12.29,Super-Jupiter,1.043,6106.0,1.1638,1.0249,1.478,False,13.9
K00716.01,26.8932,0.1742,6.09,Gas Giant,0.975,6096.0,1.0215,0.9602,1.3846,False,13.754
K06469.01,34.1883,0.1989,74.09,Super-Jupiter,0.898,5757.0,1.7829,1.2685,1.8293,False,12.869
K06563.01,20.2828,0.1838,57.1,Super-Jupiter,2.014,4963.0,55.5057,7.0777,10.2068,False,11.777
K07014.01,2.442,0.0372,88.47,Super-Jupiter,1.156,6078.0,5.1909,2.1644,3.1213,False,11.535
K07467.01,7.2056,0.0755,1.33,Super-Earth,1.107,6002.0,3.3372,1.7355,2.5027,False,13.553
K07470.01,392.5011,1.0016,1.9,Super-Earth,0.87,5128.0,0.6056,0.7393,1.0661,True,13.87
K07559.01,0.709,0.0164,1.13,Rocky (Earth-like),1.177,6528.0,2.1736,1.4006,2.0198,False,12.798
K06475.01,4.8451,0.0419,0.81,Rocky (Earth-like),0.417,3694.0,0.0267,0.1552,0.2239,False,13.731
K06567.01,9.5841,0.0945,99.27,Super-Jupiter,1.226,5605.0,4.5831,2.0338,2.9329,False,13.094
K06656.01,0.5763,0.0153,1.73,Super-Earth,1.435,7289.0,7.3968,2.5837,3.726,False,13.865
K06933.01,7.2269,0.0747,117.19,Super-Jupiter,1.064,6270.0,2.5647,1.5214,2.194,False,13.27
K07020.01,0.9571,0.0194,73.47,Super-Jupiter,1.066,6367.0,3.1775,1.6934,2.4421,False,13.484
K07109.01,3.4311,0.0407,45.74,Super-Jupiter,0.764,5815.0,0.9632,0.9324,1.3446,False,13.681
K07291.01,25.9147,0.1783,1.95,Super-Earth,1.126,6171.0,4.2437,1.957,2.8222,False,12.556
K07296.01,659.3457,1.6972,3.8,Mini-Neptune,1.5,6923.0,7.5975,2.6185,3.7762,False,10.629
K00667.01,4.3052,0.0518,11.03,Super-Jupiter,1.0,5780.0,1.0014,0.9507,1.371,False,13.826
K06570.01,16.2145,0.1504,3.53,Mini-Neptune,1.727,6801.0,13.3475,3.4708,5.0052,False,10.896
K06753.01,72.282,0.4317,13.11,Super-Jupiter,2.054,7694.0,41.3613,6.1097,8.8108,False,9.277
K07116.01,2.5256,0.0359,0.75,Rocky (Earth-like),0.966,6068.0,1.8764,1.3013,1.8766,False,13.564
K07389.01,27.5838,0.2256,11.03,Super-Jupiter,2.012,5092.0,37.7682,5.8383,8.4194,False,12.148
K07479.01,7.1967,0.0722,0.63,Rocky (Earth-like),0.969,5737.0,0.739,0.8167,1.1777,False,13.44
K07572.01,91.0699,0.5542,1.59,Super-Earth,2.738,9051.0,107.8369,9.8652,14.2267,False,9.748
K06483.01,24.7148,0.1698,66.21,Super-Jupiter,1.07,6302.0,1.7061,1.2409,1.7895,False,12.526
K06578.01,0.7598,0.0159,69.16,Super-Jupiter,0.922,5930.0,0.9658,0.9336,1.3464,False,11.378
K06668.01,27.4672,0.1574,46.75,Super-Jupiter,0.69,5503.0,0.453,0.6394,0.9221,False,13.182
K07032.01,3.6405,0.0457,0.66,Rocky (Earth-like),0.961,5955.0,1.1081,1.0,1.4421,False,12.646
K07209.01,8.2554,0.0817,0.85,Rocky (Earth-like),1.066,6357.0,1.8151,1.2799,1.8457,False,13.816
K07305.01,3.7292,0.0523,0.8,Rocky (Earth-like),1.37,6215.0,5.6255,2.2532,3.2494,False,9.976
K07395.01,2.0028,0.0396,57.31,Super-Jupiter,2.061,8564.0,24.7809,4.7291,6.8199,False,11.696
K07482.01,9.7626,0.1039,207.01,Super-Jupiter,1.571,7199.0,9.1632,2.8757,4.1471,False,12.25
K07483.01,16.9163,0.1187,0.68,Rocky (Earth-like),0.779,5628.0,0.5906,0.7301,1.0529,False,13.132
K06676.01,439.2198,1.1373,1.81,Super-Earth,1.017,6553.0,1.5311,1.1755,1.6952,False,13.993
K06763.01,2.447,0.0343,0.52,Rocky (Earth-like),0.9,5891.0,0.8617,0.8819,1.2717,False,12.16
K06860.01,0.5767,0.0115,0.34,Rocky (Earth-like),0.605,4315.0,0.1192,0.328,0.473,False,13.291
K06949.01,2.3524,0.0366,0.8,Rocky (Earth-like),1.185,6751.0,2.6658,1.5511,2.2368,False,12.047
K07038.01,12.4945,0.1266,368.65,Super-Jupiter,1.733,6821.0,14.4746,3.6143,5.2122,False,13.054
K07127.01,0.687,0.017,5.52,Gas Giant,1.385,6240.0,10.6875,3.1057,4.4788,False,13.316
K07129.01,64.1984,0.3031,1.74,Super-Earth,0.901,6088.0,1.4296,1.1359,1.6381,False,13.839
K07216.01,0.6465,0.0166,0.82,Rocky (Earth-like),1.448,7247.0,5.5755,2.2432,3.2349,False,12.884
K07587.01,366.0841,0.9839,2.19,Mini-Neptune,0.948,5941.0,0.9981,0.9491,1.3687,True,11.616
K00100.01,9.9664,0.1059,17.24,Super-Jupiter,1.595,6638.0,16.5142,3.8606,5.5674,False,12.598
K06680.01,5.525,0.0628,0.91,Rocky (Earth-like),1.081,5921.0,1.5407,1.1792,1.7005,False,13.692
K06952.01,10.6445,0.0934,1.69,Super-Earth,0.96,5930.0,2.4072,1.4739,2.1256,False,13.615
K06954.01,6.6136,0.0704,0.57,Rocky (Earth-like),1.065,6067.0,1.2035,1.0422,1.5029,False,13.109
K06956.01,20.2594,0.1538,1.23,Rocky (Earth-like),1.182,6590.0,2.9038,1.6189,2.3346,False,13.618
K07042.01,13.2541,0.1085,97.99,Super-Jupiter,0.97,6175.0,2.69,1.5581,2.247,False,13.876
K07044.01,1.2623,0.0286,508.63,Super-Jupiter,1.956,4900.0,86.1104,8.8156,12.713,False,11.516
K07589.01,414.4501,1.222,7.01,Gas Giant,1.417,7037.0,6.2317,2.3715,3.42,False,13.913
K00683.01,278.1244,0.8497,6.2,Gas Giant,1.058,5877.0,1.2904,1.0792,1.5563,False,13.714
K00684.01,4.0349,0.0509,7.56,Gas Giant,1.079,5548.0,2.7327,1.5704,2.2647,False,13.831
K06686.01,1.2533,0.0217,0.69,Rocky (Earth-like),0.865,5861.0,1.4246,1.1339,1.6352,False,13.907
K06960.01,4.887,0.0578,1.15,Rocky (Earth-like),1.076,6151.0,1.3231,1.0927,1.5759,False,13.873
K07050.01,0.653,0.0131,0.68,Rocky (Earth-like),0.696,5360.0,0.4055,0.6049,0.8724,False,13.506
K07416.01,37.4648,0.2234,0.91,Rocky (Earth-like),1.06,6266.0,2.4909,1.4993,2.1622,False,12.052
K07501.01,20.7106,0.1652,304.22,Super-Jupiter,1.403,6935.0,6.3338,2.3909,3.4479,False,11.308
K07593.01,67.413,0.3439,1.57,Super-Earth,1.194,6525.0,3.0037,1.6465,2.3744,False,13.667
K07594.01,2.088,0.0352,1.93,Super-Earth,1.335,6593.0,4.7278,2.0656,2.9789,False,12.579
K00686.01,52.5135,0.2595,11.38,Super-Jupiter,0.845,5559.0,0.6711,0.7782,1.1223,False,13.579
K00687.01,4.1784,0.05,1.68,Super-Earth,0.956,5891.0,0.9406,0.9214,1.3287,False,13.813
K06600.01,2.7058,0.0365,0.69,Rocky (Earth-like),0.884,5992.0,1.0681,0.9818,1.4159,False,10.715
K06602.01,0.6488,0.0136,41.43,Super-Jupiter,0.796,5143.0,0.378,0.5841,0.8423,False,10.201
K07054.01,0.531,0.0128,90.31,Super-Jupiter,0.983,5951.0,1.1051,0.9987,1.4402,False,10.292
K07231.02,4.747,0.0593,13333.5,Super-Jupiter,1.234,6531.0,6.0237,2.3316,3.3624,False,13.388
K07330.01,198.1131,0.6911,1.09,Rocky (Earth-like),1.122,6163.0,2.8582,1.6061,2.3162,False,11.909
K07418.01,1.033,0.0287,22.55,Super-Jupiter,2.948,5283.0,251.2136,15.0572,21.7141,False,12.698
K00625.01,38.1385,0.2513,224.53,Super-Jupiter,1.456,6481.0,8.6897,2.8004,4.0385,False,13.592
K00626.02,8.0292,0.0798,0.86,Rocky (Earth-like),1.05,6157.0,1.3257,1.0938,1.5774,False,13.49
K06605.01,74.3717,0.3442,2.39,Mini-Neptune,0.983,6865.0,9.7416,2.9651,4.276,False,11.319
K06877.01,281.5028,0.9493,455.14,Super-Jupiter,1.44,4795.0,43.4378,6.2612,9.0293,False,10.974
K07057.01,0.6193,0.016,5.93,Gas Giant,1.434,7105.0,7.7744,2.6488,3.8199,False,13.154
K07061.01,1.3716,0.0266,4.91,Gas Giant,1.341,7045.0,5.6862,2.2653,3.2669,False,13.104
K07150.01,14.4431,0.1328,390.85,Super-Jupiter,1.496,5759.0,12.2352,3.323,4.7921,False,12.732
K07427.01,7.8936,0.0774,0.84,Rocky (Earth-like),0.991,6306.0,1.7449,1.2549,1.8097,False,13.954
K00696.01,7.0338,0.0768,1.56,Super-Earth,1.22,6115.0,2.1201,1.3833,1.9948,False,13.357
K06518.01,18.612,0.1393,65.26,Super-Jupiter,1.041,6492.0,2.1816,1.4032,2.0235,False,13.528
K06611.01,1.2162,0.0241,4.06,Gas Giant,1.255,6234.0,8.4691,2.7647,3.9869,False,13.333
K06978.01,3.0755,0.0406,0.8,Rocky (Earth-like),0.944,5881.0,1.1364,1.0127,1.4604,False,13.359
K07065.01,0.7398,0.0165,88.34,Super-Jupiter,1.101,6465.0,5.3468,2.1967,3.1679,False,11.634
K05346.01,21.1273,0.1762,20.47,Super-Jupiter,1.636,4024.0,224.3534,14.2295,20.5205,False,8.789
K05632.01,264.4655,0.9079,4.41,Gas Giant,1.427,6543.0,6.8432,2.4852,3.5839,False,11.154
K05899.01,58.6692,0.2916,1.28,Super-Earth,0.961,5548.0,0.8264,0.8636,1.2454,False,13.899
K06047.01,8.7529,0.1011,92.61,Super-Jupiter,1.8,7279.0,17.3422,3.9562,5.7052,False,11.961
K06258.01,0.7646,0.0145,0.32,Rocky (Earth-like),0.69,6174.0,0.8638,0.8829,1.2733,False,11.215
K06346.01,2.9591,0.0403,0.65,Rocky (Earth-like),0.999,6192.0,2.305,1.4423,2.08,False,12.913
K04380.01,5.7817,0.07,1.43,Super-Earth,1.371,6443.0,5.4879,2.2255,3.2094,False,13.384
K04383.02,2.584,0.0372,0.78,Rocky (Earth-like),1.032,6164.0,1.5388,1.1785,1.6995,False,13.874
K04580.01,6.3042,0.0708,1.22,Rocky (Earth-like),1.192,6728.0,6.197,2.3649,3.4104,False,13.01
K04913.01,6.7879,0.0761,1.37,Super-Earth,1.277,6543.0,3.6018,1.8029,2.6,False,13.36
K04913.02,8.9737,0.0917,1.57,Super-Earth,1.277,6543.0,3.6018,1.8029,2.6,False,13.36
K04923.01,38.1687,0.2238,1.4,Super-Earth,1.026,6164.0,2.7798,1.5839,2.2842,False,13.195
K00075.01,105.8824,0.4817,10.5,Gas Giant,1.33,5896.0,6.9236,2.4997,3.6048,False,10.775
K05129.01,0.6688,0.0156,115.78,Super-Jupiter,1.134,3299.0,2361.1832,46.1624,66.5711,False,11.598
K05382.01,2.4565,0.0451,25.12,Super-Jupiter,2.027,4949.0,97.7566,9.3928,13.5455,False,10.45
K05388.01,137.3965,0.5693,2.9,Mini-Neptune,1.304,5425.0,5.4779,2.2235,3.2065,False,13.668
K05663.01,140.8847,0.535,1.21,Rocky (Earth-like),1.029,6200.0,1.2167,1.0479,1.5112,False,13.06
K05906.01,22.5756,0.1657,202.06,Super-Jupiter,1.191,6587.0,2.9698,1.6371,2.3609,False,11.612
K06263.01,8.6096,0.1006,3.61,Mini-Neptune,1.83,5418.0,13.853,3.5359,5.0991,False,12.765
K06353.01,10.0716,0.098,1.82,Super-Earth,1.236,5768.0,7.8416,2.6603,3.8364,False,13.472
K04287.01,13.1231,0.1155,0.98,Rocky (Earth-like),1.194,6344.0,3.3444,1.7373,2.5054,False,11.265
K04287.02,9.6184,0.0939,0.76,Rocky (Earth-like),1.194,6344.0,3.3444,1.7373,2.5054,False,11.265
K04288.02,9.0875,0.0872,0.75,Rocky (Earth-like),1.07,5989.0,1.7152,1.2442,1.7942,False,12.4
K04482.01,5.3829,0.0639,0.83,Rocky (Earth-like),1.199,6362.0,2.791,1.5871,2.2888,False,12.642
K04581.01,6.0061,0.0657,0.73,Rocky (Earth-like),1.05,6103.0,1.6749,1.2295,1.773,False,13.549
K04582.01,4.2243,0.0515,0.6,Rocky (Earth-like),1.019,5984.0,2.8938,1.6161,2.3305,False,11.756
K04588.01,7.5374,0.0802,1.0,Rocky (Earth-like),1.211,6483.0,3.2636,1.7162,2.475,False,12.912
K04686.01,11.831,0.1013,0.92,Rocky (Earth-like),0.991,5619.0,1.6689,1.2273,1.7698,False,12.327
K05132.01,43.9312,0.3059,73.52,Super-Jupiter,1.979,4977.0,22.8527,4.5414,6.5492,False,12.776
K05145.01,3.3502,0.0512,588.18,Super-Jupiter,1.595,6915.0,15.7178,3.7663,5.4315,False,11.494
K05150.01,26.5243,0.1711,2.13,Mini-Neptune,0.95,4995.0,1.6198,1.2091,1.7436,False,13.681
K05410.01,24.153,0.1674,1.1,Rocky (Earth-like),1.073,6223.0,1.6133,1.2066,1.7401,False,13.664
K05944.01,64.7132,0.3103,64.8,Super-Jupiter,0.952,6175.0,1.2375,1.0568,1.524,False,13.882
K06161.01,10.4032,0.0941,58.78,Super-Jupiter,1.027,6434.0,2.7238,1.5679,2.261,False,13.272
K04811.01,21.7437,0.1518,1.98,Super-Earth,0.987,5767.0,2.224,1.4167,2.0431,False,13.816
K04936.01,0.6811,0.0141,46.44,Super-Jupiter,0.811,5872.0,0.7963,0.8477,1.2225,False,12.545
K05157.01,0.782,0.016,27.43,Super-Jupiter,0.891,4486.0,68.2074,7.8458,11.3145,False,11.378
K05411.01,11.1733,0.1133,1.52,Super-Earth,1.552,7372.0,8.1339,2.7094,3.9072,False,13.335
K05708.01,7.8634,0.0808,31.85,Super-Jupiter,1.136,5738.0,3.7135,1.8307,2.6401,False,12.524
K05964.01,32.0335,0.2043,0.9,Rocky (Earth-like),1.108,6039.0,1.2053,1.043,1.5041,False,13.186
K05974.01,4.7682,0.0477,0.54,Rocky (Earth-like),0.638,4680.0,0.1813,0.4045,0.5833,False,13.442
K06165.02,35.4261,0.2598,116.94,Super-Jupiter,1.863,4289.0,386.8377,18.6848,26.9454,False,11.925
K04296.01,2.4938,0.0359,0.8,Rocky (Earth-like),0.995,6171.0,1.6118,1.2061,1.7393,False,13.03
K04399.01,42.1005,0.2276,2.77,Mini-Neptune,0.887,5654.0,3.4722,1.7702,2.5528,False,11.965
K04699.01,3.0771,0.0425,0.64,Rocky (Earth-like),1.084,6319.0,1.5235,1.1726,1.691,False,12.889
K05174.01,22.4933,0.1861,6.04,Gas Giant,1.699,5186.0,16.0945,3.8112,5.4962,False,11.4
K05426.01,124.8856,0.4718,1.74,Super-Earth,0.898,6103.0,1.8954,1.3079,1.8861,False,13.701
K05436.01,28.2972,0.177,59.66,Super-Jupiter,0.924,6324.0,2.2638,1.4294,2.0613,False,12.796
K05713.01,2.506,0.0352,50.95,Super-Jupiter,0.924,5780.0,1.6819,1.232,1.7767,False,12.294
K05976.01,2.7096,0.0435,217.65,Super-Jupiter,1.498,5030.0,15.5777,3.7495,5.4072,False,13.368
K06175.01,9.8687,0.1003,7648.02,Super-Jupiter,1.384,7301.0,7.5155,2.6044,3.7558,False,10.656
K04301.02,6.3191,0.0711,1.28,Super-Earth,1.201,6245.0,6.0525,2.3372,3.3705,False,13.096
K04302.01,5.5331,0.0618,0.89,Rocky (Earth-like),1.027,6529.0,2.4067,1.4738,2.1254,False,13.591
K04407.01,1.3381,0.0242,0.67,Rocky (Earth-like),1.05,6331.0,3.4006,1.7519,2.5264,False,11.179
K04505.01,18.0072,0.1415,1.04,Rocky (Earth-like),1.165,6567.0,2.1838,1.4039,2.0245,False,13.615
K04601.01,7.9401,0.0798,0.99,Rocky (Earth-like),1.075,6254.0,1.5538,1.1842,1.7077,False,13.757
K04603.01,15.9514,0.1308,1.25,Super-Earth,1.173,6453.0,2.2815,1.4349,2.0693,False,13.629
K04707.01,26.1903,0.1848,1.1,Rocky (Earth-like),1.228,6434.0,3.246,1.7116,2.4683,False,11.66
K04822.01,3.5141,0.0461,0.69,Rocky (Earth-like),1.058,6201.0,1.2976,1.0822,1.5606,False,13.474
K04823.01,4.9651,0.0566,1.37,Super-Earth,0.982,5339.0,2.9482,1.6312,2.3523,False,12.739
K04956.01,25.2219,0.1791,39.99,Super-Jupiter,1.204,6631.0,3.2462,1.7116,2.4684,False,11.941
K04959.01,420.9296,1.1194,97.31,Super-Jupiter,1.056,6462.0,2.1673,1.3986,2.0169,False,13.858
K04963.01,59.4038,0.294,1.61,Super-Earth,0.961,6373.0,2.1633,1.3973,2.015,False,11.679
K00076.01,77.4797,0.4171,8.22,Gas Giant,1.612,6715.0,9.6584,2.9524,4.2577,False,10.143
K06181.01,24.0764,0.1528,56.19,Super-Jupiter,0.821,4700.0,60.2595,7.3746,10.6349,False,11.43
K06183.01,4.3269,0.0517,108.74,Super-Jupiter,0.984,6231.0,3.0471,1.6583,2.3915,False,13.253
K04212.02,10.099,0.0926,1.06,Rocky (Earth-like),1.038,6185.0,1.5513,1.1832,1.7064,False,13.96
K04605.01,7.786,0.0767,0.71,Rocky (Earth-like),0.994,6045.0,1.0904,0.992,1.4306,False,13.515
K04713.01,8.7964,0.0834,0.99,Rocky (Earth-like),1.0,5780.0,1.0014,0.9507,1.371,False,13.641
K04715.01,53.2857,0.2579,1.32,Super-Earth,0.806,6015.0,1.3121,1.0882,1.5693,False,13.98
K04716.01,5.8944,0.0631,0.61,Rocky (Earth-like),0.964,6177.0,1.5604,1.1867,1.7113,False,12.322
K04833.01,4.3172,0.0515,1.05,Rocky (Earth-like),0.979,5992.0,1.9848,1.3384,1.9301,False,13.6
K04834.01,3.741,0.0546,1.74,Super-Earth,1.554,5110.0,6.3863,2.4008,3.4621,False,13.096
K04968.01,2.9454,0.0513,57.62,Super-Jupiter,2.07,4584.0,146.8775,11.5133,16.6034,False,11.557
K04972.01,26.0918,0.1759,1.12,Rocky (Earth-like),1.066,6348.0,1.498,1.1627,1.6768,False,13.98
K05207.01,18.9822,0.1287,0.65,Rocky (Earth-like),0.79,5830.0,0.7055,0.7979,1.1507,False,13.048
K05211.01,3.5645,0.044,0.57,Rocky (Earth-like),0.894,5461.0,0.5326,0.6933,0.9998,False,12.936
K05993.01,4.2647,0.0495,27.58,Super-Jupiter,0.887,6052.0,2.4167,1.4768,2.1298,False,12.873
K06079.01,15.2493,0.1228,99.64,Super-Jupiter,1.062,6385.0,2.1081,1.3793,1.9891,False,13.593
K06189.01,2.1799,0.0334,61.34,Super-Jupiter,1.043,6106.0,1.1638,1.0249,1.478,False,13.96
K06291.01,8.8324,0.0812,0.98,Rocky (Earth-like),0.914,6060.0,1.5532,1.184,1.7074,False,13.303
K04614.01,6.4547,0.072,1.22,Rocky (Earth-like),1.194,6475.0,3.0383,1.6559,2.388,False,13.784
K04980.01,2.976,0.0417,105.2,Super-Jupiter,1.09,6582.0,3.4242,1.7579,2.5351,False,11.287
K05220.01,1.5347,0.0344,31.85,Super-Jupiter,2.309,4961.0,124.7361,10.6101,15.3009,False,12.224
K05475.02,5.6832,0.0589,0.54,Rocky (Earth-like),0.844,6070.0,0.8031,0.8514,1.2277,False,13.093
K05744.01,30.6953,0.185,57.53,Super-Jupiter,0.897,6340.0,1.6318,1.2135,1.7501,False,12.508
K05752.01,1.3917,0.0234,35.67,Super-Jupiter,0.885,3749.0,631.346,23.8703,34.4234,False,13.71
K06194.01,42.2966,0.2991,9.18,Gas Giant,1.996,4902.0,25.7929,4.8247,6.9578,False,12.057
K06299.01,0.9476,0.0175,0.68,Rocky (Earth-like),0.799,5627.0,0.6004,0.7361,1.0616,False,13.853
K06385.01,9.7612,0.0949,96.04,Super-Jupiter,1.196,6468.0,6.5861,2.438,3.5159,False,13.773
K04226.01,49.5645,0.2751,1.71,Super-Earth,1.131,5818.0,2.2853,1.4361,2.0711,False,12.83
K04323.01,11.4958,0.1036,1.62,Super-Earth,1.123,6290.0,3.1852,1.6955,2.4451,False,13.582
K04421.01,4.727,0.0548,0.52,Rocky (Earth-like),0.981,6183.0,1.3165,1.09,1.5719,False,12.788
K04421.02,6.5596,0.0681,0.5,Rocky (Earth-like),0.981,6183.0,1.3165,1.09,1.5719,False,12.788
K04423.01,7.6521,0.0764,0.8,Rocky (Earth-like),1.014,6312.0,1.2853,1.077,1.5532,False,13.099
K05007.01,14.5169,0.1217,1.85,Super-Earth,1.141,5934.0,3.9528,1.8888,2.7238,False,13.698
K05236.01,550.8598,1.3527,1.98,Super-Earth,1.088,6241.0,1.4469,1.1427,1.6479,True,13.093
K05243.01,17.7454,0.1415,115.37,Super-Jupiter,1.2,6337.0,7.105,2.5322,3.6518,False,12.366
K05486.01,4.1547,0.0567,8.21,Gas Giant,1.405,7025.0,5.949,2.3171,3.3415,False,12.572
K05761.01,6.1329,0.0669,0.88,Rocky (Earth-like),1.06,6140.0,1.6835,1.2326,1.7776,False,13.421
K06390.01,5.1974,0.0578,83.32,Super-Jupiter,0.955,6248.0,3.1923,1.6974,2.4478,False,13.961
K06391.01,2.1835,0.0179,7.9,Gas Giant,0.161,3200.0,0.0032,0.0537,0.0775,False,11.296
K04235.01,66.6431,0.3482,3.15,Mini-Neptune,1.268,6609.0,3.4612,1.7674,2.5488,False,13.224
K04329.01,17.801,0.1351,0.71,Rocky (Earth-like),1.037,6338.0,1.4739,1.1533,1.6632,False,12.018
K04331.01,1.7179,0.0306,1.34,Super-Earth,1.299,6674.0,4.7701,2.0749,2.9922,False,13.228
K04528.01,8.3122,0.0755,125.97,Super-Jupiter,0.83,5375.0,2.2052,1.4107,2.0344,False,13.019
K04633.01,11.6934,0.1032,1.38,Super-Earth,1.072,5984.0,3.3915,1.7495,2.523,False,13.848
K04634.01,4.0275,0.0493,1.01,Rocky (Earth-like),0.987,6163.0,1.4054,1.1262,1.6241,False,13.685
K05023.01,73.3379,0.38,93.7,Super-Jupiter,1.361,7216.0,5.0443,2.1337,3.077,False,13.559
K05255.01,3.6607,0.0474,0.55,Rocky (Earth-like),1.058,6354.0,1.776,1.266,1.8258,False,13.164
K05493.01,6.9935,0.0766,53.71,Super-Jupiter,1.226,6573.0,3.492,1.7753,2.5601,False,12.594
K05774.01,1.2137,0.0245,105.53,Super-Jupiter,1.337,6782.0,5.8196,2.2918,3.305,False,10.811
K06311.01,7.0471,0.0882,121.64,Super-Jupiter,1.845,8162.0,21.45,4.3998,6.345,False,9.002
K06395.01,11.2578,0.1079,20004.7,Super-Jupiter,1.322,6915.0,7.2121,2.5513,3.6792,False,12.538
K06398.01,9.4022,0.1069,23.93,Super-Jupiter,1.845,4597.0,77.1243,8.3429,12.0314,False,10.59
K04431.01,19.5651,0.1505,1.13,Rocky (Earth-like),1.188,6350.0,2.8347,1.5995,2.3066,False,12.674
K04435.01,10.8615,0.0981,0.84,Rocky (Earth-like),1.069,6328.0,1.4763,1.1543,1.6646,False,13.517
K04637.01,4.3799,0.0558,0.73,Rocky (Earth-like),1.21,6390.0,5.1196,2.1495,3.0998,False,10.438
K04864.01,5.6649,0.0593,0.78,Rocky (Earth-like),0.865,5888.0,1.3769,1.1147,1.6076,False,13.221
K05034.01,282.5363,0.8657,113.93,Super-Jupiter,1.084,6401.0,2.9945,1.6439,2.3707,False,13.252
K05515.01,6.2635,0.0651,6.41,Gas Giant,0.936,6247.0,1.948,1.3259,1.9121,False,13.952
K05521.01,31.5912,0.1953,12.22,Super-Jupiter,0.995,5178.0,3.3971,1.751,2.5251,False,13.687
K05797.01,2.0375,0.0338,138.63,Super-Jupiter,1.244,6456.0,6.5886,2.4385,3.5166,False,12.22
K06101.01,17.734,0.1286,61.64,Super-Jupiter,0.901,5892.0,1.0028,0.9513,1.3719,False,12.553
K06103.02,122.8056,0.4896,1.99,Super-Earth,1.038,6109.0,1.737,1.2521,1.8056,False,13.436
K06219.01,21.0255,0.159,105.44,Super-Jupiter,1.213,6632.0,5.9725,2.3217,3.3481,False,13.079
K06401.01,1.961,0.0331,9.0,Gas Giant,1.258,6613.0,3.3823,1.7471,2.5196,False,13.749
K04245.01,24.6686,0.1777,1.94,Super-Earth,1.23,6028.0,2.7659,1.5799,2.2784,False,13.572
K04341.01,10.7783,0.0973,1.29,Super-Earth,1.057,6734.0,2.9663,1.6362,2.3595,False,13.264
K04345.01,4.3271,0.0483,45.8,Super-Jupiter,0.804,5776.0,2.1141,1.3813,1.992,False,13.404
K04647.01,37.9046,0.2239,2.18,Mini-Neptune,1.042,5303.0,2.7369,1.5716,2.2665,False,13.726
K04647.02,12.0087,0.1041,1.77,Super-Earth,1.042,5303.0,2.7369,1.5716,2.2665,False,13.726
K04871.01,4.0819,0.0509,0.65,Rocky (Earth-like),1.056,6532.0,2.5398,1.514,2.1833,False,13.05
K05052.01,155.0453,0.6935,24518.8,Super-Jupiter,1.851,6910.0,15.3233,3.7188,5.3629,False,12.649
K05287.01,3.9891,0.0725,28.29,Super-Jupiter,3.192,4998.0,146.6924,11.5061,16.593,False,13.56
K05529.01,70.3359,0.3356,39.48,Super-Jupiter,1.019,6082.0,2.0939,1.3747,1.9824,False,11.701
K05543.01,7.415,0.1115,51.51,Super-Jupiter,3.366,4989.0,185.4517,12.9372,18.6567,False,13.56
K05804.01,1.428,0.0248,15.82,Super-Jupiter,1.0,6099.0,1.0485,0.9728,1.4028,False,13.731
K05814.01,25.2852,0.1713,86.24,Super-Jupiter,1.048,6475.0,3.4825,1.7728,2.5566,False,12.138
K06019.01,19.7416,0.1564,89.59,Super-Jupiter,1.309,6508.0,4.2134,1.95,2.8121,False,10.543
K06109.01,22.9134,0.182,163.59,Super-Jupiter,1.531,6620.0,12.0187,3.2935,4.7495,False,11.856
K06112.01,2.243,0.0327,91.85,Super-Jupiter,0.923,6181.0,2.7306,1.5698,2.2639,False,12.785
K06320.01,22.8026,0.1487,2.36,Mini-Neptune,0.843,5011.0,6.2504,2.3751,3.4251,False,13.124
K06409.01,19.9311,0.1589,2.42,Mini-Neptune,1.348,5500.0,5.0943,2.1442,3.0922,False,13.37
K06410.01,2.5347,0.0362,30.76,Super-Jupiter,0.986,6395.0,2.0682,1.3662,1.9702,False,13.92
K04251.01,6.2397,0.0653,1.78,Super-Earth,0.956,5751.0,1.2822,1.0757,1.5513,False,13.795
K04443.01,5.6758,0.0678,1.06,Rocky (Earth-like),1.292,6678.0,3.6641,1.8185,2.6224,False,13.802
K04546.01,0.7418,0.0164,55.97,Super-Jupiter,1.079,6163.0,1.3282,1.0949,1.5789,False,13.469
K04651.01,1.1926,0.0207,0.74,Rocky (Earth-like),0.837,5600.0,0.9054,0.9039,1.3036,False,13.818
K04653.01,19.9777,0.154,1.08,Rocky (Earth-like),1.221,6362.0,1.9236,1.3176,1.9001,False,13.52
K04871.02,5.5225,0.0623,0.76,Rocky (Earth-like),1.056,6532.0,2.5398,1.514,2.1833,False,13.05
K05058.01,1.7144,0.0304,131.63,Super-Jupiter,1.274,6351.0,3.8592,1.8663,2.6913,False,13.309
K05552.01,295.9581,0.8142,3.83,Mini-Neptune,0.822,5364.0,2.3243,1.4483,2.0887,False,13.344
K05563.01,7.6219,0.083,4.64,Gas Giant,1.312,5222.0,6.6705,2.4536,3.5383,False,13.629
K05564.01,3.4795,0.0568,596.25,Super-Jupiter,2.017,4724.0,117.4798,10.2969,14.8492,False,10.565
K05566.01,0.9887,0.0222,3.19,Mini-Neptune,1.49,6456.0,11.9852,3.2889,4.7429,False,12.551
K05817.01,113.0839,0.4653,1.37,Super-Earth,1.051,6522.0,2.6224,1.5384,2.2186,False,13.336
K06121.01,1.2371,0.0232,75.5,Super-Jupiter,1.094,6131.0,1.3293,1.0953,1.5795,False,13.82
K06235.01,2.0539,0.0318,169.85,Super-Jupiter,1.014,5051.0,9.7641,2.9685,4.2809,False,13.912
K06326.01,14.658,0.1146,165.91,Super-Jupiter,0.934,5146.0,1.6635,1.2253,1.767,False,13.391
K06414.01,5.6279,0.0627,81.76,Super-Jupiter,1.036,6280.0,1.7349,1.2513,1.8045,False,13.858
K04359.01,0.629,0.0159,0.79,Rocky (Earth-like),1.356,6734.0,6.0042,2.3278,3.357,False,11.283
K04452.01,12.8576,0.1003,1.19,Rocky (Earth-like),0.815,5977.0,1.6876,1.2341,1.7797,False,13.821
K04457.01,79.3321,0.3646,1.6,Super-Earth,1.027,6384.0,1.9709,1.3337,1.9233,False,13.815
K04656.01,3.8184,0.0526,1.21,Rocky (Earth-like),1.333,6714.0,4.9154,2.1062,3.0374,False,13.821
K04657.02,10.4315,0.0887,0.6,Rocky (Earth-like),0.856,5366.0,0.4445,0.6334,0.9134,False,13.241
K04881.01,5.6793,0.0648,10.63,Gas Giant,1.127,6514.0,4.0583,1.9138,2.7599,False,12.892
K05317.01,46.2705,0.2567,180.46,Super-Jupiter,1.054,6354.0,1.69,1.235,1.781,False,13.529
K05833.01,440.161,1.1203,3.28,Mini-Neptune,0.968,6277.0,1.3569,1.1066,1.5959,True,13.014
K04367.01,170.9941,0.6069,2.34,Mini-Neptune,1.02,6263.0,1.2537,1.0637,1.534,False,13.985
K04458.01,358.8181,0.957,2.48,Mini-Neptune,0.908,6056.0,1.017,0.958,1.3816,False,13.919
K04557.01,5.7565,0.0648,0.85,Rocky (Earth-like),1.093,6210.0,1.4238,1.1336,1.6347,False,13.666
K04663.01,5.6569,0.06,0.67,Rocky (Earth-like),0.902,5633.0,1.4115,1.1287,1.6276,False,12.715
K04773.01,8.8493,0.0838,0.87,Rocky (Earth-like),1.004,6095.0,1.5256,1.1734,1.6922,False,13.556
K04774.01,51.5677,0.2539,1.3,Super-Earth,0.821,5285.0,0.5371,0.6962,1.004,False,13.882
K04775.01,16.449,0.1353,1.82,Super-Earth,1.22,5346.0,3.2256,1.7062,2.4605,False,12.999
K05093.01,26.7371,0.165,26.06,Super-Jupiter,0.838,6068.0,1.268,1.0698,1.5427,False,12.688
K05323.01,7.1556,0.093,48.37,Super-Jupiter,2.096,4992.0,36.124,5.7098,8.2341,False,13.672
K05597.01,7.7772,0.0744,1.1,Rocky (Earth-like),0.907,5243.0,0.8718,0.887,1.2792,False,13.725
K06034.01,5.2335,0.0588,71.21,Super-Jupiter,0.992,5841.0,0.9968,0.9485,1.3678,False,13.424
K06246.01,9.1331,0.0867,1.46,Super-Earth,1.041,6122.0,1.1712,1.0281,1.4826,False,11.767
K06250.01,1.8532,0.0308,130.35,Super-Jupiter,1.14,6384.0,4.3883,1.9901,2.8699,False,13.085
K06251.01,14.6677,0.1473,112.57,Super-Jupiter,1.98,7517.0,29.8124,5.1871,7.4803,False,13.415
K06338.01,3.4714,0.0492,91.78,Super-Jupiter,1.315,6026.0,3.3749,1.7452,2.5168,False,12.161
K04368.02,39.282,0.2316,58.67,Super-Jupiter,1.074,6143.0,5.8293,2.2937,3.3077,False,13.046
K04567.01,14.7441,0.1179,42.58,Super-Jupiter,1.006,6146.0,1.2471,1.0609,1.5299,False,13.775
K05335.01,1.7526,0.0294,124.27,Super-Jupiter,1.101,5853.0,3.3926,1.7498,2.5234,False,11.388
K05336.01,265.7429,0.8777,2.95,Mini-Neptune,1.277,6543.0,3.6018,1.8029,2.6,False,13.491
K06342.01,8.1771,0.0799,0.78,Rocky (Earth-like),1.017,6501.0,2.3424,1.454,2.0968,False,12.419
K04273.01,17.3733,0.1341,0.97,Rocky (Earth-like),1.065,6122.0,1.6007,1.2019,1.7333,False,12.677
K04377.01,19.8751,0.1645,2.86,Mini-Neptune,1.502,6423.0,11.8523,3.2706,4.7165,False,13.543
K04567.02,4.6725,0.0548,1694.66,Super-Jupiter,1.006,6146.0,1.2471,1.0609,1.5299,False,13.775
K04674.01,4.8435,0.0542,0.81,Rocky (Earth-like),0.906,5762.0,1.1028,0.9976,1.4387,False,13.59
K04907.01,4.0448,0.0508,0.7,Rocky (Earth-like),1.066,6351.0,1.8507,1.2924,1.8638,False,13.778
K02949.01,10.1749,0.0973,1.37,Super-Earth,1.187,6197.0,4.2018,1.9473,2.8083,False,13.313
K02949.02,3.7503,0.05,1.13,Rocky (Earth-like),1.187,6197.0,4.2018,1.9473,2.8083,False,13.313
K03111.01,10.768,0.1016,1.64,Super-Earth,1.206,6070.0,4.7943,2.0801,2.9997,False,12.863
K03111.02,4.3285,0.0553,1.25,Super-Earth,1.206,6070.0,4.7943,2.0801,2.9997,False,12.863
K03114.01,7.4913,0.0743,0.59,Rocky (Earth-like),0.976,6177.0,1.2442,1.0597,1.5281,False,12.277
K03224.01,3.4386,0.0422,0.56,Rocky (Earth-like),0.847,5431.0,0.4737,0.6538,0.9429,False,12.192
K03225.01,4.8754,0.0548,0.82,Rocky (Earth-like),0.924,5511.0,1.5442,1.1805,1.7024,False,12.207
K03310.01,20.5513,0.1462,1.23,Rocky (Earth-like),0.986,5624.0,0.7174,0.8046,1.1604,False,13.55
K02486.01,4.268,0.0523,1.43,Super-Earth,1.048,6395.0,2.2961,1.4395,2.0759,False,13.047
K03035.01,21.342,0.1527,1.69,Super-Earth,1.042,6324.0,2.4777,1.4954,2.1565,False,13.87
K03117.01,6.0667,0.0632,1.19,Rocky (Earth-like),0.915,5705.0,1.7168,1.2448,1.7951,False,13.163
K02720.01,6.5716,0.0728,1.2,Rocky (Earth-like),1.19,6109.0,3.0022,1.6461,2.3738,False,10.338
K03236.01,7.1305,0.0754,0.68,Rocky (Earth-like),1.124,6435.0,1.9575,1.3292,1.9168,False,12.31
K02577.01,18.5558,0.1492,3.56,Mini-Neptune,1.287,6810.0,3.4236,1.7578,2.5349,False,13.506
K02657.01,5.224,0.0553,0.52,Rocky (Earth-like),0.828,5511.0,0.4755,0.6551,0.9447,False,12.869
K02722.05,16.5339,0.1327,1.21,Rocky (Earth-like),1.14,6522.0,2.3964,1.4706,2.1208,False,13.268
K02725.01,0.5875,0.0147,24.28,Super-Jupiter,1.236,5787.0,7.1573,2.5415,3.6652,False,13.744
K03128.01,21.236,0.1516,1.36,Super-Earth,1.03,6099.0,2.0371,1.3559,1.9554,False,13.371
K03244.01,214.7181,0.6694,11.65,Super-Jupiter,0.868,5033.0,2.5268,1.5101,2.1777,False,12.391
K02807.01,3.3757,0.0454,67.64,Super-Jupiter,1.093,6303.0,2.1215,1.3837,1.9955,False,13.91
K02968.01,10.1643,0.0917,0.75,Rocky (Earth-like),0.997,6387.0,2.1428,1.3906,2.0054,False,11.912
K02971.01,6.096,0.0661,0.85,Rocky (Earth-like),1.038,6234.0,1.432,1.1368,1.6394,False,12.742
K00304.02,5.5182,0.0645,1.05,Rocky (Earth-like),1.173,6164.0,4.3139,1.9731,2.8455,False,12.549
K03052.01,10.1296,0.0858,0.92,Rocky (Earth-like),0.821,5466.0,0.7167,0.8043,1.1598,False,13.573
K03248.01,6.9126,0.0682,0.65,Rocky (Earth-like),0.885,5680.0,1.0832,0.9887,1.4259,False,12.419
K02201.01,116.521,0.4592,86.38,Super-Jupiter,0.951,6063.0,1.5756,1.1925,1.7197,False,13.806
K02585.03,7.8784,0.0801,1.06,Rocky (Earth-like),1.104,6474.0,3.1024,1.6733,2.4131,False,13.455
K02590.02,22.7889,0.1674,1.18,Rocky (Earth-like),1.204,6440.0,4.227,1.9532,2.8167,False,11.638
K02732.04,24.5608,0.1708,0.86,Rocky (Earth-like),1.102,6086.0,1.5193,1.171,1.6887,False,12.805
K02813.01,0.6985,0.0131,0.73,Rocky (Earth-like),0.616,5143.0,0.2444,0.4696,0.6773,False,13.586
K02815.01,1.5454,0.0248,0.59,Rocky (Earth-like),0.847,5770.0,0.5988,0.7351,1.0601,False,13.529
K00298.02,57.384,0.2912,1.68,Super-Earth,1.0,5780.0,1.0014,0.9507,1.371,False,12.713
K03340.01,8.954,0.0822,0.86,Rocky (Earth-like),0.925,6168.0,1.1646,1.0252,1.4785,False,13.776
K03340.02,13.7281,0.1093,1.0,Rocky (Earth-like),0.925,6168.0,1.1646,1.0252,1.4785,False,13.776
K03419.01,58.5851,0.3034,120.63,Super-Jupiter,1.085,6391.0,2.6557,1.5482,2.2326,False,13.061
K02516.01,2.8104,0.0387,1.21,Rocky (Earth-like),0.98,5473.0,2.3374,1.4524,2.0945,False,13.388
K02677.01,237.7872,0.7621,5.78,Gas Giant,1.044,6400.0,1.8983,1.3089,1.8876,False,13.46
K02679.01,110.7557,0.4766,12.58,Super-Jupiter,1.177,6528.0,2.1736,1.4006,2.0198,False,13.455
K02984.01,11.4554,0.0977,1.02,Rocky (Earth-like),0.947,6015.0,1.6912,1.2354,1.7816,False,13.066
K03156.01,0.7611,0.0157,4.77,Gas Giant,0.897,6911.0,4.6112,2.04,2.9419,False,7.899
K03421.01,40.6507,0.255,1.6,Super-Earth,1.339,6535.0,2.6936,1.5592,2.2485,False,13.935
K03422.01,40.1439,0.3248,15.53,Super-Jupiter,2.836,7945.0,208.9394,13.732,19.803,False,13.201
K02215.01,22.0446,0.1514,1.03,Rocky (Earth-like),0.953,5974.0,1.8142,1.2796,1.8453,False,12.999
K02370.01,78.7324,0.3975,4.35,Gas Giant,1.351,6735.0,4.1813,1.9426,2.8014,False,13.003
K02603.01,73.7116,0.3588,1.57,Super-Earth,1.134,6431.0,2.7392,1.5723,2.2674,False,12.643
K03156.04,94.2245,0.3908,33.62,Super-Jupiter,0.897,6911.0,4.6112,2.04,2.9419,False,7.899
K00326.01,8.9735,0.099,35.06,Super-Jupiter,1.606,4751.0,60.8332,7.4096,10.6854,False,12.96
K03425.03,7.6436,0.0818,1.59,Super-Earth,1.251,6120.0,5.0345,2.1316,3.074,False,13.266
K02295.01,16.2908,0.1164,0.62,Rocky (Earth-like),0.793,5451.0,0.6176,0.7466,1.0766,False,11.671
K02833.01,1.7919,0.0303,1.25,Super-Earth,1.15,6085.0,4.0521,1.9123,2.7578,False,12.599
K02914.01,21.1182,0.158,1.54,Super-Earth,1.179,6469.0,3.6541,1.816,2.6189,False,12.199
K02915.01,5.0609,0.0576,1.07,Rocky (Earth-like),0.993,5941.0,1.7075,1.2414,1.7902,False,13.346
K00048.01,23.8368,0.1661,208.11,Super-Jupiter,1.076,6095.0,4.66,2.0508,2.9574,False,13.722
K03161.01,6.0941,0.0743,80.64,Super-Jupiter,1.474,6790.0,5.3569,2.1988,3.1709,False,9.58
K03165.01,4.1176,0.0553,1.09,Rocky (Earth-like),1.33,6422.0,5.2229,2.1711,3.131,False,10.335
K00319.01,46.1512,0.2766,10.63,Gas Giant,1.325,5882.0,4.5752,2.032,2.9304,False,12.711
K02222.01,34.1356,0.2835,13.59,Super-Jupiter,2.607,7818.0,103.4286,9.6615,13.9329,False,12.963
K00266.02,47.7436,0.2789,1.82,Super-Earth,1.269,6283.0,4.3704,1.986,2.8641,False,11.472
K02534.02,5.422,0.0624,1.02,Rocky (Earth-like),1.1,6184.0,1.4137,1.1295,1.6289,False,13.925
K02610.01,24.1072,0.187,2.64,Mini-Neptune,1.502,6585.0,10.6876,3.1057,4.4788,False,12.605
K02610.02,115.2295,0.5308,3.2,Mini-Neptune,1.502,6585.0,10.6876,3.1057,4.4788,False,12.605
K02612.02,7.5731,0.0708,0.54,Rocky (Earth-like),0.824,5461.0,0.6813,0.7841,1.1308,False,11.83
K00283.03,9.4881,0.0871,0.73,Rocky (Earth-like),0.978,5680.0,0.964,0.9327,1.3451,False,11.525
K03083.01,10.1832,0.0928,0.68,Rocky (Earth-like),1.028,5942.0,0.9841,0.9424,1.3591,False,12.857
K03168.01,56.3481,0.2996,1.16,Rocky (Earth-like),1.13,5968.0,2.8774,1.6115,2.3239,False,10.455
K03184.03,4.0202,0.0501,0.57,Rocky (Earth-like),1.039,5788.0,1.9065,1.3117,1.8916,False,11.158
K00326.02,108.5403,0.5215,33.79,Super-Jupiter,1.606,4751.0,60.8332,7.4096,10.6854,False,12.96
K02696.01,96.4561,0.4617,5.56,Gas Giant,1.411,7030.0,6.0822,2.3429,3.3787,False,12.998
K02696.02,44.5645,0.2759,3.39,Mini-Neptune,1.411,7030.0,6.0822,2.3429,3.3787,False,12.998
K02758.01,253.355,1.007,25.41,Super-Jupiter,2.122,5177.0,22.8082,4.537,6.5428,False,11.893
K02840.01,3.6793,0.043,0.79,Rocky (Earth-like),0.781,5676.0,0.6697,0.7774,1.1211,False,13.884
K02840.02,7.4465,0.0687,0.74,Rocky (Earth-like),0.781,5676.0,0.6697,0.7774,1.1211,False,13.884
K02925.01,0.7165,0.0149,30.82,Super-Jupiter,0.863,5552.0,0.9044,0.9034,1.3029,False,13.458
K03190.01,8.953,0.0847,0.73,Rocky (Earth-like),1.012,6280.0,1.738,1.2524,1.8061,False,11.458
K00332.02,6.8668,0.0736,0.81,Rocky (Earth-like),1.126,5716.0,1.5181,1.1705,1.688,False,13.046
K00268.01,110.3783,0.4825,3.03,Mini-Neptune,1.23,6343.0,2.71,1.5639,2.2553,False,10.56
K02623.02,4.0267,0.0523,0.64,Rocky (Earth-like),1.177,6528.0,2.1736,1.4006,2.0198,False,13.383
K03196.02,6.883,0.0755,0.81,Rocky (Earth-like),1.21,6422.0,2.957,1.6336,2.3558,False,11.525
K03197.01,22.5992,0.1607,1.93,Super-Earth,1.084,6335.0,3.4226,1.7575,2.5345,False,11.531
K03193.01,32.6122,0.1998,23.98,Super-Jupiter,1.0,5780.0,1.0014,0.9507,1.371,False,11.486
K03194.01,10.8131,0.1045,14.77,Super-Jupiter,1.302,6531.0,3.8211,1.857,2.678,False,11.487
K03196.01,4.9606,0.0607,0.64,Rocky (Earth-like),1.21,6422.0,2.957,1.6336,2.3558,False,11.525
K03444.01,12.6714,0.0897,0.82,Rocky (Earth-like),0.6,3842.0,0.0699,0.2512,0.3622,False,13.693
K03444.02,60.3267,0.2539,29.78,Super-Jupiter,0.6,3842.0,0.0699,0.2512,0.3622,True,13.693
K03444.03,2.636,0.0315,0.55,Rocky (Earth-like),0.6,3842.0,0.0699,0.2512,0.3622,False,13.693
K02706.01,3.0976,0.0464,1.8,Super-Earth,1.39,6491.0,5.7497,2.278,3.2851,False,10.268
K03017.01,2.4629,0.0338,0.66,Rocky (Earth-like),0.848,5893.0,1.0118,0.9556,1.3781,False,13.308
K03203.01,96.8172,0.4325,2.12,Mini-Neptune,1.151,7095.0,5.2735,2.1816,3.1461,False,11.816
K03206.01,15.1517,0.1198,1.43,Super-Earth,1.0,5780.0,1.0014,0.9507,1.371,False,11.843
K03207.01,0.9544,0.0223,2.63,Mini-Neptune,1.62,7056.0,10.0709,3.0148,4.3477,False,11.872
K00005.01,4.7803,0.0578,7.07,Gas Giant,1.13,5753.0,2.9995,1.6453,2.3727,False,11.665
K02398.01,1.169,0.0223,115.12,Super-Jupiter,1.08,6514.0,3.2344,1.7085,2.4639,False,13.579
K02935.01,27.88,0.1828,1.54,Super-Earth,1.048,6434.0,1.7113,1.2428,1.7922,False,13.603
K03020.01,10.9192,0.0952,1.15,Rocky (Earth-like),0.965,6174.0,1.8183,1.281,1.8474,False,13.534
K03208.01,2.1317,0.0355,1.26,Super-Earth,1.313,5884.0,4.2417,1.9566,2.8216,False,11.893
K03209.01,11.9126,0.1033,1.31,Super-Earth,1.037,6603.0,2.3387,1.4528,2.0951,False,11.915
K03213.01,14.1606,0.1531,2.93,Mini-Neptune,2.385,8753.0,73.9015,8.1668,11.7773,False,11.98
K00051.01,10.4311,0.0934,49.78,Super-Jupiter,1.0,5780.0,1.0014,0.9507,1.371,False,13.761
K02324.01,1.2047,0.0222,1.66,Super-Earth,1.0,5780.0,1.0014,0.9507,1.371,False,11.671
K02636.02,5.1777,0.0592,0.63,Rocky (Earth-like),1.03,5854.0,1.0099,0.9547,1.3768,False,12.32
K02712.01,7.5078,0.0788,1.64,Super-Earth,1.159,6450.0,2.7057,1.5627,2.2535,False,11.125
K02859.03,4.2888,0.0454,0.57,Rocky (Earth-like),0.68,5374.0,0.389,0.5925,0.8545,False,13.851
K02859.05,5.431,0.0532,0.64,Rocky (Earth-like),0.68,5374.0,0.389,0.5925,0.8545,False,13.851
K03214.02,25.0898,0.1921,2.02,Mini-Neptune,1.502,6036.0,11.6824,3.2471,4.6826,False,12.014
K03384.01,10.5484,0.0964,1.15,Rocky (Earth-like),1.074,6053.0,1.431,1.1364,1.6389,False,13.204
K02641.01,3.5556,0.0444,0.9,Rocky (Earth-like),0.926,5839.0,1.221,1.0497,1.5138,False,13.845
K02784.01,4.1425,0.0509,1.44,Super-Earth,1.027,6788.0,5.8669,2.3011,3.3184,False,11.056
K06753.01,72.282,0.4317,13.11,Super-Jupiter,2.054,7694.0,41.3613,6.1097,8.8108,False,9.277
K06889.01,75.9067,0.3438,0.63,Rocky (Earth-like),0.941,6140.0,1.8546,1.2937,1.8657,False,11.649
K07157.01,23.9831,0.1581,1.17,Rocky (Earth-like),0.916,5696.0,1.5765,1.1928,1.7202,False,13.863
K01957.02,1.7515,0.0291,7.34,Gas Giant,1.073,6419.0,2.1498,1.3929,2.0087,False,12.655
K04871.02,5.5225,0.0623,0.76,Rocky (Earth-like),1.056,6532.0,2.5398,1.514,2.1833,False,13.05
K06631.01,2.5627,0.0343,0.48,Rocky (Earth-like),0.823,5190.0,0.5261,0.6891,0.9937,False,13.273
K06763.01,2.4469,0.0358,0.56,Rocky (Earth-like),1.022,5821.0,1.0992,0.996,1.4363,False,12.16
K07032.01,3.6405,0.0466,0.61,Rocky (Earth-like),1.017,5745.0,0.8563,0.8791,1.2677,False,12.646
K07162.01,5.1581,0.0643,2.02,Mini-Neptune,1.331,5155.0,7.1316,2.537,3.6586,False,13.031
K07291.01,25.9137,0.186,3.37,Mini-Neptune,1.279,6167.0,7.1424,2.5389,3.6614,False,12.556
K07427.01,7.8935,0.0774,0.78,Rocky (Earth-like),0.991,6306.0,1.7449,1.2549,1.8097,False,13.954
K07430.01,1.3205,0.0349,18.94,Super-Jupiter,3.257,5172.0,116.2055,10.2409,14.7684,False,11.466
K01962.01,32.8586,0.2062,2.28,Mini-Neptune,1.083,5904.0,2.3556,1.4581,2.1027,False,10.77
K01964.01,2.2293,0.0319,0.72,Rocky (Earth-like),0.871,5547.0,0.8308,0.8659,1.2487,False,10.687
K02029.04,4.7885,0.0524,0.6,Rocky (Earth-like),0.836,5238.0,0.3819,0.5871,0.8466,False,12.957
K02158.02,6.6823,0.0669,1.01,Rocky (Earth-like),0.896,5445.0,1.6811,1.2317,1.7763,False,13.052
K02159.01,7.5967,0.0745,1.18,Rocky (Earth-like),0.956,5713.0,1.0437,0.9705,1.3996,False,13.482
K07169.01,10.5114,0.0993,0.72,Rocky (Earth-like),1.182,6575.0,2.8556,1.6054,2.3151,False,12.931
K07174.01,1.5849,0.0218,0.37,Rocky (Earth-like),0.552,4201.0,0.0895,0.2842,0.4099,False,13.742
K07305.01,3.7292,0.0523,0.8,Rocky (Earth-like),1.37,6215.0,5.6255,2.2532,3.2494,False,9.976
K07435.01,1.3675,0.0245,0.82,Rocky (Earth-like),1.044,5836.0,1.1431,1.0157,1.4647,False,13.861
K06913.02,1.7517,0.0421,3.86,Mini-Neptune,3.249,10894.0,242.2093,14.7849,21.3214,False,13.752
K07179.01,407.1466,1.0755,1.18,Rocky (Earth-like),1.001,5845.0,1.5029,1.1646,1.6795,False,13.31
K07180.01,487.8389,1.2039,3.94,Mini-Neptune,0.978,5421.0,2.7298,1.5696,2.2635,False,13.728
K01972.01,17.7911,0.136,2.11,Mini-Neptune,1.059,6095.0,1.216,1.0476,1.5107,False,13.8
K06263.01,8.6097,0.1006,3.33,Mini-Neptune,1.83,5418.0,13.853,3.5359,5.0991,False,12.765
K06401.01,1.9613,0.0352,41.53,Super-Jupiter,1.516,6221.0,6.4921,2.4206,3.4907,False,13.749
K06526.01,486.7783,1.4636,9.3,Gas Giant,1.765,5039.0,14.1735,3.5765,5.1577,False,13.892
K06657.01,1.6037,0.0322,1.54,Super-Earth,1.732,6400.0,9.4984,2.9279,4.2223,False,13.7
K07455.01,3.7737,0.0536,2.44,Mini-Neptune,1.44,7302.0,10.9189,3.1392,4.527,False,11.419
K02169.04,2.1925,0.0324,0.39,Rocky (Earth-like),0.947,5406.0,0.5921,0.731,1.0542,False,12.404
K06409.01,19.9311,0.1589,2.42,Mini-Neptune,1.348,5500.0,5.0943,2.1442,3.0922,False,13.37
K06798.01,2.6419,0.0348,3.56,Mini-Neptune,0.805,5195.0,5.6292,2.254,3.2505,False,13.533
K07061.01,1.3716,0.0266,4.91,Gas Giant,1.341,7045.0,5.6862,2.2653,3.2669,False,13.104
K07330.01,198.1131,0.6911,1.09,Rocky (Earth-like),1.122,6163.0,2.8582,1.6061,2.3162,False,11.909
K02042.01,63.0736,0.3503,6.67,Gas Giant,1.441,6628.0,9.9983,3.0039,4.332,False,13.089
K06676.01,439.2198,1.1373,1.81,Super-Earth,1.017,6553.0,1.5311,1.1755,1.6952,False,13.993
K07072.01,15.3903,0.1457,4.39,Gas Giant,1.74,5649.0,22.7863,4.5348,6.5397,False,13.808
K07073.01,279.0366,0.8728,30.25,Super-Jupiter,1.139,6072.0,1.9764,1.3356,1.926,False,13.054
K07209.01,8.2553,0.0957,3.28,Mini-Neptune,1.714,5403.0,9.9091,2.9905,4.3126,False,13.816
K07467.01,7.2056,0.0755,1.33,Super-Earth,1.107,6002.0,3.3372,1.7355,2.5027,False,13.553
K07470.01,392.5011,1.0016,1.9,Super-Earth,0.87,5128.0,0.6056,0.7393,1.0661,True,13.87
K06291.01,8.8324,0.0812,0.98,Rocky (Earth-like),0.914,6060.0,1.5532,1.184,1.7074,False,13.303
K06680.01,5.5251,0.0598,0.8,Rocky (Earth-like),0.936,5600.0,0.9489,0.9254,1.3345,False,13.692
K06819.01,3.2262,0.0455,1.01,Rocky (Earth-like),1.205,6534.0,3.3769,1.7458,2.5176,False,11.429
K06949.01,2.3524,0.0376,1.24,Rocky (Earth-like),1.28,6749.0,7.4681,2.5961,3.7439,False,12.047
K07479.01,7.1969,0.0731,1.1,Rocky (Earth-like),1.004,5530.0,2.0814,1.3706,1.9765,False,13.44
K02050.02,3.178,0.0407,1.62,Super-Earth,0.891,5164.0,0.4448,0.6336,0.9137,False,12.218
K06299.01,0.9476,0.0186,0.67,Rocky (Earth-like),0.955,5508.0,0.5827,0.7252,1.0458,False,13.853
K07879.01,128.2086,0.6001,6.15,Gas Giant,1.754,7128.0,33.6386,5.5099,7.9458,False,11.036
K06557.01,6.6345,0.0719,1.04,Rocky (Earth-like),1.126,6463.0,2.3491,1.456,2.0998,False,13.805
K06954.01,6.6137,0.0711,0.91,Rocky (Earth-like),1.094,6056.0,3.0778,1.6666,2.4035,False,13.109
K07093.01,97.9916,0.441,1.41,Super-Earth,1.191,6499.0,2.1873,1.405,2.0262,False,13.65
K07354.01,43.2676,0.2516,1.61,Super-Earth,1.135,5747.0,2.9258,1.625,2.3434,False,13.468
K07483.01,16.9163,0.1187,0.68,Rocky (Earth-like),0.779,5628.0,0.5906,0.7301,1.0529,False,13.132
K01861.01,17.5044,0.1352,3.01,Mini-Neptune,1.077,6177.0,1.3351,1.0977,1.583,False,13.926
K06960.01,4.887,0.0578,1.2,Rocky (Earth-like),1.079,6152.0,1.3084,1.0867,1.5671,False,13.873
K07231.02,4.747,0.0593,13333.5,Super-Jupiter,1.234,6531.0,6.0237,2.3316,3.3624,False,13.388
K07360.01,4.0954,0.0549,7.76,Gas Giant,1.313,6839.0,5.6723,2.2626,3.2629,False,13.543
K01999.01,1.1206,0.025,45.36,Super-Jupiter,1.668,4972.0,8.9225,2.8377,4.0923,False,13.695
K00126.02,0.8752,0.0189,0.73,Rocky (Earth-like),1.174,5855.0,3.401,1.752,2.5265,False,13.109
K06320.01,22.8026,0.1487,2.36,Mini-Neptune,0.843,5011.0,6.2504,2.3751,3.4251,False,13.124
K06450.01,0.6023,0.0139,0.78,Rocky (Earth-like),0.992,6510.0,2.43,1.4809,2.1356,False,12.361
K06570.01,16.2145,0.1504,3.53,Mini-Neptune,1.727,6801.0,13.3475,3.4708,5.0052,False,10.896
K07888.01,4.7368,0.0563,0.6,Rocky (Earth-like),1.06,6088.0,1.2598,1.0663,1.5377,False,13.922
K02004.03,1.7211,0.0279,0.59,Rocky (Earth-like),0.98,5798.0,0.9305,0.9164,1.3215,False,13.351
K02059.02,2.1857,0.0307,0.51,Rocky (Earth-like),0.806,4996.0,0.3111,0.5299,0.7641,False,12.906
K06978.01,3.0755,0.0416,0.84,Rocky (Earth-like),1.014,5763.0,1.5266,1.1738,1.6927,False,13.359
K07116.01,2.5256,0.0367,0.62,Rocky (Earth-like),1.031,5821.0,1.1056,0.9989,1.4405,False,13.564
K01936.01,1.3397,0.0312,1.2,Rocky (Earth-like),2.256,9436.0,33.2163,5.4752,7.8958,False,10.455
K02135.02,20.189,0.1481,1.25,Super-Earth,1.064,6327.0,1.985,1.3385,1.9302,False,13.573
K02050.02,3.178,0.0392,0.74,Rocky (Earth-like),0.793,5061.0,0.4163,0.613,0.8839,False,12.218
K06860.01,0.5767,0.0121,0.43,Rocky (Earth-like),0.707,4524.0,0.1932,0.4176,0.6022,False,13.291
K07389.01,27.5838,0.2256,11.03,Super-Jupiter,2.012,5092.0,37.7682,5.8383,8.4194,False,12.148
K02009.01,86.7489,0.3566,2.11,Mini-Neptune,0.804,5830.0,0.8155,0.8579,1.2372,False,13.82
K02623.02,4.0266,0.0531,0.68,Rocky (Earth-like),1.23,6187.0,2.0149,1.3485,1.9447,False,13.383
K02636.02,5.1777,0.0592,0.63,Rocky (Earth-like),1.03,5854.0,1.0099,0.9547,1.3768,False,12.32
K00283.03,9.4881,0.0871,0.73,Rocky (Earth-like),0.978,5680.0,0.964,0.9327,1.3451,False,11.525
K06342.01,8.1771,0.0799,0.83,Rocky (Earth-like),1.017,6501.0,2.3424,1.454,2.0968,False,12.419
K06475.01,4.8451,0.05,1.54,Super-Earth,0.709,4337.0,0.1618,0.3821,0.5511,False,13.731
K07880.01,623.7077,1.4471,1.81,Super-Earth,1.039,6626.0,2.2161,1.4142,2.0395,True,13.379
K06600.01,2.7058,0.0365,0.69,Rocky (Earth-like),0.884,5992.0,1.0681,0.9818,1.4159,False,10.715
K06733.01,1.2894,0.0285,2.48,Mini-Neptune,1.865,5826.0,18.1381,4.0459,5.8347,False,13.897
K06994.01,4.2591,0.0504,0.7,Rocky (Earth-like),0.942,5560.0,1.4849,1.1576,1.6694,False,12.832
K07129.01,64.1984,0.3031,1.74,Super-Earth,0.901,6088.0,1.4296,1.1359,1.6381,False,13.839
K07258.01,2.4376,0.0368,0.79,Rocky (Earth-like),1.118,5927.0,2.5919,1.5294,2.2056,False,12.66
K07264.01,19.1644,0.1537,1.83,Super-Earth,1.319,5877.0,5.3417,2.1957,3.1664,False,13.314
K01947.01,6.4229,0.0687,1.64,Super-Earth,1.049,6102.0,1.284,1.0765,1.5524,False,12.335
K03425.03,7.6437,0.0818,1.85,Super-Earth,1.251,6120.0,5.0345,2.1316,3.074,False,13.266
K06605.01,74.3717,0.3442,2.39,Mini-Neptune,0.983,6865.0,9.7416,2.9651,4.276,False,11.319
K07534.01,23.3788,0.1637,0.92,Rocky (Earth-like),1.07,6210.0,1.4823,1.1566,1.668,False,13.853
K07540.01,21.9805,0.1447,0.92,Rocky (Earth-like),0.837,5573.0,0.7582,0.8272,1.1929,False,13.852
K00025.01,3.1326,0.043,22.44,Super-Jupiter,1.078,6248.0,1.907,1.3119,1.8919,False,13.499
K04032.05,7.2352,0.0715,0.82,Rocky (Earth-like),0.933,5574.0,0.9823,0.9416,1.3578,False,12.639
K04157.02,5.2158,0.0628,0.83,Rocky (Earth-like),1.213,6202.0,1.6711,1.2281,1.771,False,12.692
K06353.01,10.0714,0.098,1.98,Super-Earth,1.236,5768.0,7.8416,2.6603,3.8364,False,13.472
K07279.01,11.7728,0.0969,0.93,Rocky (Earth-like),0.875,5410.0,0.8571,0.8795,1.2683,False,13.717
K07281.01,2.4651,0.0395,1.14,Rocky (Earth-like),1.356,6881.0,5.9091,2.3093,3.3303,False,12.446
K07415.01,1.292,0.0198,10.97,Gas Giant,0.625,4995.0,0.2273,0.4529,0.6532,False,13.238
K07416.01,37.4647,0.2234,0.97,Rocky (Earth-like),1.06,6266.0,2.4909,1.4993,2.1622,False,12.052
K01957.01,1.3868,0.0249,1.89,Super-Earth,1.073,6419.0,2.1498,1.3929,2.0087,False,12.655
K02081.01,6.2142,0.0757,4.17,Gas Giant,1.501,5295.0,7.0069,2.5147,3.6265,False,13.439
K04301.02,6.3192,0.0693,1.04,Rocky (Earth-like),1.11,6254.0,3.9947,1.8987,2.7382,False,13.096
K04383.02,2.5839,0.0372,0.77,Rocky (Earth-like),1.032,6164.0,1.5388,1.1785,1.6995,False,13.874
K04421.02,6.5595,0.0708,0.62,Rocky (Earth-like),1.1,5950.0,1.6085,1.2049,1.7375,False,12.788
K01823.01,4.4685,0.054,8.88,Gas Giant,1.054,5869.0,0.9446,0.9233,1.3315,False,13.954
K01075.01,1.3438,0.0255,18.74,Super-Jupiter,1.23,6324.0,7.6707,2.6311,3.7944,False,13.056
K01230.01,165.7419,0.716,56.25,Super-Jupiter,1.782,5015.0,28.3028,5.054,7.2885,False,12.263
K00160.01,13.7381,0.1119,3.95,Mini-Neptune,0.991,6375.0,2.0564,1.3623,1.9646,False,13.805
K03184.03,4.0202,0.0501,0.6,Rocky (Earth-like),1.039,5788.0,1.9065,1.3117,1.8916,False,11.158
K01151.04,17.4533,0.1233,0.81,Rocky (Earth-like),0.82,5516.0,0.6653,0.7749,1.1175,False,13.404
K01151.05,21.7203,0.1426,0.88,Rocky (Earth-like),0.82,5516.0,0.6653,0.7749,1.1175,False,13.404
K01154.01,6.8108,0.0798,26.08,Super-Jupiter,1.461,7226.0,10.5728,3.089,4.4547,False,12.628
K01378.01,19.301,0.1532,3.59,Mini-Neptune,1.287,5754.0,5.698,2.2677,3.2703,False,13.601
K01447.01,40.2465,0.2425,97.66,Super-Jupiter,1.174,6594.0,4.8503,2.0922,3.0172,False,13.092
K01447.02,2.28,0.0358,18.87,Super-Jupiter,1.174,6594.0,4.8503,2.0922,3.0172,False,13.092
K01452.01,1.1522,0.0244,22.2,Super-Jupiter,1.46,7172.0,7.437,2.5907,3.7361,False,13.63
K05475.02,5.6833,0.0583,0.97,Rocky (Earth-like),0.818,6072.0,2.017,1.3492,1.9457,False,13.093
K06447.02,91.65,0.437,2.27,Mini-Neptune,1.325,6705.0,4.6887,2.0571,2.9665,False,12.964
K06464.03,541.743,1.3402,3.39,Mini-Neptune,1.094,6373.0,1.6224,1.21,1.745,True,13.718
K01684.01,62.8158,0.325,50.42,Super-Jupiter,1.16,6428.0,2.047,1.3592,1.9601,False,12.849
K01769.01,0.589,0.0122,39.25,Super-Jupiter,0.703,5592.0,0.5215,0.686,0.9893,False,13.643
K01242.01,99.6443,0.4484,9.35,Gas Giant,1.211,6459.0,2.2076,1.4115,2.0355,False,13.75
K01315.01,6.8464,0.0739,1.32,Super-Earth,1.149,6029.0,1.3044,1.085,1.5647,False,13.137
K01537.01,10.1915,0.1021,1.52,Super-Earth,1.366,6260.0,4.5839,2.034,2.9332,False,11.74
K01597.01,7.7967,0.0848,2.47,Mini-Neptune,1.339,6535.0,2.6936,1.5592,2.2485,False,12.681
K07546.01,44.1139,0.3099,4.9,Gas Giant,2.039,7854.0,40.9174,6.0768,8.7634,False,12.667
K01169.01,0.6892,0.0155,1.29,Super-Earth,1.038,5676.0,0.7848,0.8416,1.2137,False,13.248
K01247.01,2.7399,0.0401,20.68,Super-Jupiter,1.15,6534.0,2.9804,1.6401,2.3651,False,11.743
K00019.01,1.2032,0.0225,33.12,Super-Jupiter,1.045,6218.0,2.4407,1.4842,2.1403,False,11.374
K00141.01,2.6242,0.0371,5.14,Gas Giant,0.992,5377.0,0.5795,0.7232,1.0429,False,13.687
K01254.01,5.0827,0.0579,5.11,Gas Giant,1.0,5780.0,1.0014,0.9507,1.371,False,12.777
K01326.01,53.1009,0.2514,15.99,Super-Jupiter,0.752,5378.0,0.411,0.609,0.8783,False,12.907
K07559.01,0.709,0.0164,1.13,Rocky (Earth-like),1.177,6528.0,2.1736,1.4006,2.0198,False,12.798
K01701.01,2.439,0.0421,1.76,Super-Earth,1.67,7292.0,8.9754,2.8461,4.1044,False,11.041
K00120.01,20.5455,0.1434,31.09,Super-Jupiter,0.932,5667.0,1.4022,1.1249,1.6223,False,12.003
K01020.01,54.3564,0.283,33.13,Super-Jupiter,1.023,6058.0,2.4297,1.4808,2.1355,False,12.899
K01784.01,5.0074,0.0587,7.55,Gas Giant,1.075,5936.0,1.0373,0.9676,1.3953,False,13.592
K00136.01,15.6639,0.138,23.45,Super-Jupiter,1.43,5996.0,5.7205,2.2722,3.2767,False,13.439
K01411.01,305.0763,0.9128,7.61,Gas Giant,1.09,5721.0,1.2056,1.0431,1.5043,False,13.377
K01613.02,94.094,0.406,1.02,Rocky (Earth-like),1.008,6044.0,2.1083,1.3794,1.9892,False,11.049
K01614.01,20.7194,0.1449,2.34,Mini-Neptune,0.946,5837.0,1.9433,1.3243,1.9098,False,11.413
K07572.01,91.0699,0.5542,1.59,Super-Earth,2.738,9051.0,107.8369,9.8652,14.2267,False,9.748
K01619.01,20.6655,0.1281,0.68,Rocky (Earth-like),0.656,4827.0,0.2213,0.4469,0.6445,False,11.759
K01622.01,69.8347,0.4018,3.47,Mini-Neptune,1.774,7732.0,13.1105,3.4398,4.9606,False,12.02
K07587.01,366.0889,0.9839,2.57,Mini-Neptune,0.948,5941.0,0.9981,0.9491,1.3687,True,11.616
K01714.01,2.744,0.0347,40.47,Super-Jupiter,0.743,5334.0,0.4765,0.6558,0.9457,False,13.805
K01118.01,7.3729,0.0737,1.59,Super-Earth,0.982,5973.0,1.3075,1.0863,1.5665,False,13.835
K01271.01,162.0541,0.6208,10.51,Gas Giant,1.215,6628.0,3.3406,1.7363,2.504,False,13.632
K07589.01,414.4501,1.222,7.01,Gas Giant,1.417,7037.0,6.2317,2.3715,3.42,False,13.913
K02859.05,5.431,0.0532,0.66,Rocky (Earth-like),0.68,5374.0,0.389,0.5925,0.8545,False,13.851
K07593.01,67.413,0.3439,1.57,Super-Earth,1.194,6525.0,3.0037,1.6465,2.3744,False,13.667
K01796.01,11.8057,0.1017,42.76,Super-Jupiter,1.006,6065.0,4.3411,1.9794,2.8544,False,12.829
K01119.02,13.5548,0.1062,0.66,Rocky (Earth-like),0.869,5370.0,0.5699,0.7172,1.0342,False,11.157
K01645.01,41.1668,0.2123,10.31,Gas Giant,0.753,5193.0,0.4228,0.6177,0.8908,False,13.418
K01803.01,4.5393,0.0528,4.55,Gas Giant,0.954,5064.0,1.518,1.1705,1.6879,False,13.26
K00969.01,17.512,0.1319,13.08,Super-Jupiter,0.998,6224.0,1.7253,1.2478,1.7995,False,12.336
K00145.01,102.9639,0.5549,39.88,Super-Jupiter,2.15,5047.0,29.5027,5.1601,7.4413,False,13.608
K01728.01,12.7319,0.1222,83.13,Super-Jupiter,1.5,7264.0,6.236,2.3723,3.4212,False,12.087
K00974.01,53.5058,0.301,2.49,Mini-Neptune,1.27,6253.0,4.6996,2.0595,2.97,False,9.582
K01058.01,5.6702,0.0341,0.67,Rocky (Earth-like),0.164,3337.0,0.0038,0.0586,0.0845,False,13.783
K01807.01,132.1342,0.619,64.99,Super-Jupiter,1.812,5067.0,39.0043,5.9331,8.5561,False,9.715
K00976.01,52.569,0.3208,90.65,Super-Jupiter,1.594,7201.0,6.6318,2.4465,3.5281,False,9.729
K00977.01,1.3538,0.0234,387.97,Super-Jupiter,0.931,4283.0,74.9885,8.2266,11.8636,False,10.523
K00980.01,47.931,0.3104,52.8,Super-Jupiter,1.737,8214.0,15.3397,3.7208,5.3657,False,10.376
K01431.01,345.1599,0.9801,7.95,Gas Giant,1.054,5628.0,0.8175,0.8589,1.2387,True,13.46
K01661.01,0.9477,0.0182,52.74,Super-Jupiter,0.895,6302.0,2.2789,1.4341,2.0682,False,11.51
K01812.01,0.8053,0.0168,52.12,Super-Jupiter,0.983,6258.0,1.4855,1.1579,1.6698,False,13.742
K00130.01,34.1936,0.2154,22.27,Super-Jupiter,1.14,6129.0,4.0384,1.9091,2.7531,False,13.325
K00138.01,48.9379,0.2946,26.2,Super-Jupiter,1.424,7061.0,7.2823,2.5636,3.697,False,13.96
K01064.01,1.1874,0.0236,17.99,Super-Jupiter,1.236,6422.0,3.2977,1.7252,2.4879,False,13.623
K01224.01,2.698,0.0415,5.78,Gas Giant,1.31,6616.0,2.8962,1.6167,2.3315,False,13.717
K01227.01,2.1553,0.0315,16.94,Super-Jupiter,0.895,5658.0,0.6107,0.7424,1.0706,False,13.997
K07905.01,7.4752,0.0721,0.85,Rocky (Earth-like),0.894,5616.0,2.2905,1.4378,2.0734,False,13.075
K07920.01,1.0435,0.0219,1.09,Rocky (Earth-like),1.281,6014.0,5.9206,2.3116,3.3335,False,13.292
K07915.01,382.5891,1.038,2.15,Mini-Neptune,1.019,6337.0,2.2211,1.4158,2.0418,False,13.678
K00115.03,3.4359,0.0437,0.55,Rocky (Earth-like),0.941,5779.0,1.1824,1.033,1.4897,False,12.791
K00143.01,22.6512,0.1724,7.62,Gas Giant,1.333,6968.0,3.7582,1.8417,2.6559,False,13.682
K00971.01,0.5331,0.0166,133.56,Super-Jupiter,2.166,8523.0,77.6934,8.3737,12.0757,False,7.748
K00974.01,53.5058,0.2932,2.52,Mini-Neptune,1.174,6247.0,4.2422,1.9567,2.8217,False,9.582
K01064.01,1.1874,0.0236,67.35,Super-Jupiter,1.243,6424.0,3.3877,1.7485,2.5216,False,13.623
K01315.01,6.8464,0.0732,1.9,Super-Earth,1.115,6065.0,2.0833,1.3712,1.9774,False,13.137
K00160.01,13.7381,0.1119,3.84,Mini-Neptune,0.991,6375.0,2.0564,1.3623,1.9646,False,13.805
K00126.02,0.8752,0.0189,0.73,Rocky (Earth-like),1.174,5855.0,3.401,1.752,2.5265,False,13.109
K00977.01,1.3538,0.0234,430.99,Super-Jupiter,0.931,4283.0,74.9885,8.2266,11.8636,False,10.523
K01140.01,0.5533,0.0145,97.36,Super-Jupiter,1.325,5679.0,9.2128,2.8835,4.1583,False,13.501
K01230.01,165.7399,0.6996,57.54,Super-Jupiter,1.663,5019.0,26.605,4.9001,7.0665,False,12.263
K00120.01,20.5452,0.1437,2.41,Mini-Neptune,0.937,5670.0,1.4815,1.1563,1.6675,False,12.003
K01151.04,17.4533,0.1242,0.76,Rocky (Earth-like),0.838,5528.0,0.6096,0.7417,1.0697,False,13.404
K01075.01,1.3438,0.0255,18.66,Super-Jupiter,1.23,6324.0,7.6707,2.6311,3.7944,False,13.056
K01151.05,21.7203,0.1436,0.8,Rocky (Earth-like),0.838,5528.0,0.6096,0.7417,1.0697,False,13.404
K01154.01,6.8108,0.0798,26.06,Super-Jupiter,1.461,7226.0,10.5728,3.089,4.4547,False,12.628
K01242.01,99.6443,0.4274,8.48,Gas Giant,1.049,6102.0,1.284,1.0765,1.5524,False,13.75
K00145.01,102.9642,0.5549,39.0,Super-Jupiter,2.15,5047.0,29.5027,5.1601,7.4413,False,13.608
K01254.01,5.0827,0.0579,4.4,Gas Giant,1.0,5780.0,1.0014,0.9507,1.371,False,12.777
K01169.01,0.6892,0.0156,1.32,Super-Earth,1.064,5630.0,0.8204,0.8605,1.2409,False,13.248
K00130.01,34.1936,0.2154,21.95,Super-Jupiter,1.14,6129.0,4.0384,1.9091,2.7531,False,13.325
K01271.01,162.048,0.6339,11.52,Super-Jupiter,1.294,6309.0,3.4904,1.7748,2.5595,False,13.632
K01118.01,7.3729,0.0737,2.67,Mini-Neptune,0.982,5973.0,1.3075,1.0863,1.5665,False,13.835
K00141.01,2.6242,0.0368,5.11,Gas Giant,0.963,5340.0,0.5896,0.7295,1.052,False,13.687
K01058.01,5.6702,0.0341,5.85,Gas Giant,0.164,3337.0,0.0037,0.0578,0.0833,False,13.783
K01296.01,2.3809,0.034,21.65,Super-Jupiter,0.922,5821.0,1.313,1.0886,1.5698,False,13.802
K01962.01,32.8586,0.2004,2.31,Mini-Neptune,0.995,5899.0,2.1722,1.4001,2.0192,False,10.77
K01964.01,2.2293,0.0324,0.6,Rocky (Earth-like),0.914,5587.0,0.6541,0.7683,1.108,False,10.687
K02534.02,5.422,0.0617,1.39,Super-Earth,1.066,6123.0,2.0117,1.3474,1.9431,False,13.925
K02623.02,4.0266,0.0531,0.68,Rocky (Earth-like),1.23,6187.0,2.0149,1.3485,1.9447,False,13.383
K02042.01,63.0732,0.4142,17.8,Super-Jupiter,2.382,6234.0,54.7081,7.0267,10.1332,False,13.089
K01972.01,17.7911,0.1297,2.88,Mini-Neptune,0.92,5855.0,1.8932,1.3071,1.885,False,13.8
K02194.03,445.2169,1.0602,1.37,Super-Earth,0.802,5670.0,0.8369,0.8691,1.2533,True,13.865
K02050.02,3.178,0.0392,0.74,Rocky (Earth-like),0.793,5061.0,0.4163,0.613,0.8839,False,12.218
K02370.01,78.7327,0.4188,7.76,Gas Giant,1.581,6715.0,13.9263,3.5452,5.1126,False,13.003
K01431.01,345.1589,0.9732,7.79,Gas Giant,1.032,5597.0,0.7632,0.8299,1.1969,True,13.46
K02135.02,20.189,0.1491,1.39,Super-Earth,1.085,6178.0,2.0981,1.3761,1.9844,False,13.573
K02059.02,2.1857,0.0307,0.44,Rocky (Earth-like),0.806,4997.0,0.3113,0.53,0.7644,False,12.906
K02295.01,16.2909,0.1178,0.52,Rocky (Earth-like),0.822,5425.0,0.4936,0.6674,0.9625,False,11.671
K00266.02,47.744,0.2691,1.74,Super-Earth,1.14,5949.0,1.8758,1.3011,1.8763,False,11.472
K02563.02,6.2614,0.0675,0.81,Rocky (Earth-like),1.046,6384.0,1.8727,1.3,1.8748,False,13.973
K01839.02,80.4104,0.3411,4.93,Gas Giant,0.819,5476.0,2.2581,1.4276,2.0587,False,13.237
K02298.01,16.6671,0.1036,0.7,Rocky (Earth-like),0.534,4729.0,0.1237,0.3341,0.4818,False,13.831
K00268.01,110.3784,0.4752,3.02,Mini-Neptune,1.175,6342.0,2.6806,1.5554,2.243,False,10.56
K01597.01,7.7967,0.0847,2.44,Mini-Neptune,1.334,6521.0,2.6415,1.544,2.2266,False,12.681
K02298.03,2.4724,0.029,0.36,Rocky (Earth-like),0.534,4729.0,0.1237,0.3341,0.4818,False,13.831
K02398.01,1.169,0.0283,91.91,Super-Jupiter,2.214,5944.0,38.2888,5.8784,8.4773,False,13.579
K02577.01,18.5558,0.1918,20.83,Super-Jupiter,2.734,5988.0,90.1612,9.0206,13.0086,False,13.506
K01537.01,10.1915,0.0966,1.39,Super-Earth,1.156,6212.0,3.7888,1.8492,2.6667,False,11.74
K01924.01,2.1191,0.0356,1.35,Super-Earth,1.339,5799.0,5.7327,2.2746,3.2802,False,7.837
K02004.03,1.7211,0.0288,0.7,Rocky (Earth-like),1.071,5700.0,1.3098,1.0872,1.5679,False,13.351
K02222.01,34.1357,0.2835,13.98,Super-Jupiter,2.607,7818.0,103.4286,9.6615,13.9329,False,12.963
K02486.01,4.268,0.0523,1.42,Super-Earth,1.048,6395.0,2.2961,1.4395,2.0759,False,13.047
K01784.01,5.0074,0.0579,8.8,Gas Giant,1.034,5957.0,1.2267,1.0522,1.5174,False,13.592
K02009.01,86.7491,0.3704,2.23,Mini-Neptune,0.901,5579.0,0.8178,0.8591,1.2389,False,13.82
K02158.02,6.6823,0.0764,2.09,Mini-Neptune,1.33,5343.0,4.5919,2.0357,2.9357,False,13.052
K02159.01,7.5967,0.0745,1.32,Super-Earth,0.955,5716.0,1.14,1.0143,1.4628,False,13.482
K02585.03,7.8785,0.0751,0.78,Rocky (Earth-like),0.91,5767.0,1.2784,1.0741,1.549,False,13.455
K01701.01,2.439,0.0436,2.61,Mini-Neptune,1.852,6546.0,12.7683,3.3946,4.8954,False,11.041
K01861.01,17.5044,0.1289,3.56,Mini-Neptune,0.933,5815.0,1.8119,1.2788,1.8441,False,13.926
K01936.01,1.3397,0.0289,1.27,Super-Earth,1.789,8867.0,27.9531,5.0227,7.2433,False,10.455
K02081.01,6.2141,0.0757,4.27,Gas Giant,1.501,5295.0,7.0069,2.5147,3.6265,False,13.439
K02590.02,22.7909,0.1711,1.38,Super-Earth,1.286,6311.0,3.8373,1.861,2.6837,False,11.638
K02593.02,9.5539,0.0948,0.68,Rocky (Earth-like),1.244,6175.0,2.2284,1.4181,2.0451,False,11.714
K01613.02,94.0944,0.4014,0.9,Rocky (Earth-like),0.974,6099.0,2.1239,1.3845,1.9966,False,11.049
K01613.03,20.6055,0.1458,0.85,Rocky (Earth-like),0.974,6099.0,2.1239,1.3845,1.9966,False,11.049
K02324.01,1.2047,0.0222,1.55,Super-Earth,1.0,5780.0,1.0014,0.9507,1.371,False,11.671
K01619.01,20.6654,0.129,0.66,Rocky (Earth-like),0.671,4830.0,0.2231,0.4487,0.6471,False,11.759
K01622.01,69.8348,0.4018,3.51,Mini-Neptune,1.774,7732.0,13.1105,3.4398,4.9606,False,12.02
K01714.01,2.744,0.0347,38.11,Super-Jupiter,0.743,5334.0,0.4765,0.6558,0.9457,False,13.805
K01803.01,4.5393,0.0495,2.34,Mini-Neptune,0.783,4914.0,0.2742,0.4975,0.7174,False,13.26
K01947.01,6.4229,0.0687,1.66,Super-Earth,1.049,6102.0,1.284,1.0765,1.5524,False,12.335
K02169.04,2.1925,0.0324,0.37,Rocky (Earth-like),0.944,5450.0,0.5612,0.7117,1.0263,False,12.404
K02516.01,2.8104,0.041,1.43,Super-Earth,1.164,5415.0,3.3342,1.7347,2.5016,False,13.388
K02603.01,73.711,0.374,1.77,Super-Earth,1.284,6374.0,3.341,1.7364,2.5041,False,12.643
K02610.01,24.1073,0.187,2.74,Mini-Neptune,1.502,6585.0,10.6876,3.1057,4.4788,False,12.605
K02610.02,115.2307,0.5308,4.02,Gas Giant,1.502,6585.0,10.6876,3.1057,4.4788,False,12.605
K01807.01,132.1331,0.619,75.08,Super-Jupiter,1.812,5067.0,39.0043,5.9331,8.5561,False,9.715
K02029.04,4.7885,0.0515,0.63,Rocky (Earth-like),0.796,5208.0,0.3934,0.5959,0.8593,False,12.957
K02612.02,7.573,0.0737,0.53,Rocky (Earth-like),0.932,5495.0,0.7555,0.8257,1.1908,False,11.83
K01411.01,305.0762,0.9108,7.82,Gas Giant,1.083,5716.0,1.2777,1.0738,1.5486,False,13.377
K01728.01,12.7319,0.1219,70.11,Super-Jupiter,1.491,7238.0,6.0542,2.3375,3.3709,False,12.087
K01815.02,1.7461,0.0281,1.24,Rocky (Earth-like),0.97,4854.0,1.5236,1.1726,1.691,False,13.884
K01957.01,1.3868,0.0288,29.33,Super-Jupiter,1.66,6823.0,8.0681,2.6984,3.8914,False,12.655
K02971.01,6.096,0.0717,1.26,Super-Earth,1.325,6313.0,3.0669,1.6637,2.3992,False,12.742
K02971.02,31.9534,0.2165,1.65,Super-Earth,1.325,6313.0,3.0669,1.6637,2.3992,False,12.742
K03165.01,4.1175,0.0526,1.02,Rocky (Earth-like),1.147,6263.0,4.1125,1.9265,2.7783,False,10.335
K03168.01,56.348,0.2841,1.06,Rocky (Earth-like),0.963,5843.0,2.2629,1.4291,2.0609,False,10.455
K03371.01,58.1264,0.2868,1.32,Super-Earth,0.931,5413.0,0.5179,0.6837,0.9859,False,13.747
K04037.01,215.956,0.7432,3.36,Mini-Neptune,1.174,6163.0,2.2315,1.4191,2.0465,False,12.853
K04146.02,2.5738,0.0341,0.57,Rocky (Earth-like),0.798,5115.0,0.4479,0.6358,0.9169,False,13.632
K02712.01,7.5079,0.0825,1.77,Super-Earth,1.329,6408.0,2.7042,1.5622,2.2529,False,11.125
K00304.02,5.5182,0.0607,0.46,Rocky (Earth-like),0.979,5767.0,0.7703,0.8338,1.2024,False,12.549
K03184.03,4.0202,0.0501,0.6,Rocky (Earth-like),1.039,5788.0,1.9065,1.3117,1.8916,False,11.158
K00326.02,108.5469,0.5215,29.67,Super-Jupiter,1.606,4751.0,60.8332,7.4096,10.6854,False,12.96
K00332.02,6.8667,0.0745,0.79,Rocky (Earth-like),1.172,5914.0,1.4139,1.1296,1.629,False,13.046
K00347.01,2.6719,0.0361,22.36,Super-Jupiter,0.876,6116.0,1.3972,1.1229,1.6194,False,13.318
K02984.01,11.4554,0.1077,1.12,Rocky (Earth-like),1.269,6231.0,2.4868,1.4981,2.1604,False,13.066
K03083.01,10.1832,0.0958,0.79,Rocky (Earth-like),1.131,5843.0,1.2288,1.0531,1.5187,False,12.857
K03083.02,6.2321,0.0691,0.61,Rocky (Earth-like),1.131,5843.0,1.2288,1.0531,1.5187,False,12.857
K03190.01,8.9529,0.0838,0.86,Rocky (Earth-like),0.98,6047.0,1.7477,1.2559,1.8111,False,11.458
K03191.02,371.1757,1.3728,4.07,Gas Giant,2.505,9030.0,61.775,7.4667,10.7678,False,11.471
K00319.01,46.1512,0.2666,10.02,Gas Giant,1.187,5877.0,4.1243,1.9293,2.7822,False,12.711
K03194.01,10.8132,0.1058,1.46,Super-Earth,1.351,6380.0,3.1687,1.6911,2.4387,False,11.487
K03384.01,10.5484,0.096,3.89,Mini-Neptune,1.059,6047.0,1.4305,1.1362,1.6386,False,13.204
K03856.01,1.812,0.0343,95.19,Super-Jupiter,1.635,5904.0,12.2193,3.3208,4.789,False,13.493
K04047.01,1.3986,0.032,2.39,Mini-Neptune,2.228,7872.0,39.0586,5.9372,8.5621,False,11.915
K02641.01,3.5556,0.0444,0.84,Rocky (Earth-like),0.926,5839.0,1.221,1.0497,1.5138,False,13.845
K02720.01,6.5716,0.0693,1.26,Super-Earth,1.029,6042.0,2.4519,1.4876,2.1452,False,10.338
K02807.01,3.3757,0.0458,2.34,Mini-Neptune,1.122,6310.0,2.3377,1.4525,2.0947,False,13.91
K03083.03,8.2943,0.0836,0.65,Rocky (Earth-like),1.131,5843.0,1.2288,1.0531,1.5187,False,12.857
K03196.01,4.9606,0.0584,0.59,Rocky (Earth-like),1.079,6117.0,2.1164,1.382,1.9931,False,11.525
K03196.02,6.883,0.0726,0.77,Rocky (Earth-like),1.079,6117.0,2.1164,1.382,1.9931,False,11.525
K03197.01,22.5995,0.1573,0.96,Rocky (Earth-like),1.017,6335.0,1.7074,1.2413,1.7901,False,11.531
K03202.01,92.4611,0.4266,2.86,Mini-Neptune,1.211,5132.0,4.3639,1.9845,2.8619,False,11.784
K03203.01,96.8165,0.4594,3.19,Mini-Neptune,1.38,6404.0,9.184,2.879,4.1518,False,11.816
K03473.01,27.6371,0.1929,6.96,Gas Giant,1.254,5214.0,3.9058,1.8775,2.7075,False,13.851
K03864.02,18.2573,0.1236,0.94,Rocky (Earth-like),0.756,5014.0,0.3241,0.5408,0.7799,False,12.914
K02722.05,16.534,0.1277,1.17,Rocky (Earth-like),1.015,6052.0,1.739,1.2528,1.8066,False,13.268
K02813.01,0.6985,0.0199,14.81,Super-Jupiter,2.17,4676.0,67.6439,7.8134,11.2677,False,13.586
K03206.01,15.1516,0.1198,1.38,Super-Earth,1.0,5780.0,1.0014,0.9507,1.371,False,11.843
K03208.01,2.1317,0.0321,0.56,Rocky (Earth-like),0.967,5849.0,1.0438,0.9706,1.3997,False,11.893
K03209.01,11.9126,0.1183,2.61,Mini-Neptune,1.556,6337.0,7.8886,2.6682,3.8479,False,11.915
K03209.02,6.7707,0.0812,1.9,Super-Earth,1.556,6337.0,7.8886,2.6682,3.8479,False,11.915
K03310.01,20.5513,0.1415,1.64,Super-Earth,0.894,5401.0,0.6434,0.762,1.0989,False,13.55
K04060.01,225.2621,0.719,2.36,Mini-Neptune,0.977,5799.0,1.4392,1.1397,1.6435,False,13.841
K02906.02,145.8819,0.5646,1.8,Super-Earth,1.128,6052.0,2.4407,1.4842,2.1403,False,13.716
K02906.03,21.9424,0.1597,1.23,Rocky (Earth-like),1.128,6052.0,2.4407,1.4842,2.1403,False,13.716
K00298.02,57.384,0.2692,1.62,Super-Earth,0.79,5250.0,0.4254,0.6196,0.8936,False,12.713
K03214.02,25.0902,0.1746,1.35,Super-Earth,1.127,6033.0,3.7998,1.8518,2.6706,False,12.014
K00005.01,4.7803,0.059,7.14,Gas Giant,1.197,5937.0,3.5596,1.7924,2.5848,False,11.665
K03398.03,4.3271,0.0632,3.58,Mini-Neptune,1.801,5745.0,15.2877,3.7145,5.3566,False,13.489
K03875.01,8.8704,0.0806,39.46,Super-Jupiter,0.888,6022.0,2.7046,1.5623,2.2531,False,13.579
K02657.01,5.224,0.0555,0.58,Rocky (Earth-like),0.837,5487.0,0.5738,0.7196,1.0378,False,12.869
K02732.04,24.5607,0.1796,1.13,Rocky (Earth-like),1.282,6170.0,2.9217,1.6238,2.3417,False,12.805
K02914.01,21.1182,0.169,2.89,Mini-Neptune,1.443,6461.0,10.2944,3.0481,4.3956,False,12.199
K02915.01,5.0609,0.0565,0.98,Rocky (Earth-like),0.939,5637.0,0.7518,0.8237,1.1879,False,13.346
K00350.01,12.9907,0.1071,2.02,Mini-Neptune,0.971,5787.0,1.0613,0.9787,1.4114,False,13.387
K00353.01,152.106,0.5856,11.58,Super-Jupiter,1.158,6200.0,3.5657,1.7939,2.587,False,13.374
K03783.01,197.1455,0.7897,72.16,Super-Jupiter,1.69,7214.0,9.0982,2.8655,4.1324,False,12.962
K00064.01,1.9511,0.033,10.35,Gas Giant,1.258,5302.0,4.1728,1.9406,2.7986,False,13.143
K03878.02,15.3573,0.1222,1.42,Super-Earth,1.032,5818.0,0.9994,0.9497,1.3696,False,12.72
K00379.02,23.1376,0.1728,1.83,Super-Earth,1.285,6078.0,3.4682,1.7692,2.5514,False,13.319
K02833.01,1.7919,0.0303,1.48,Super-Earth,1.156,6002.0,5.3272,2.1927,3.1621,False,12.599
K03017.01,2.4629,0.0338,0.67,Rocky (Earth-like),0.848,5893.0,1.0118,0.9556,1.3781,False,13.308
K03224.01,3.4386,0.0435,1.01,Rocky (Earth-like),0.926,5383.0,1.4786,1.1552,1.6659,False,12.192
K03225.01,4.8755,0.0546,0.8,Rocky (Earth-like),0.911,5513.0,1.3706,1.1122,1.6039,False,12.207
K03226.01,4.2939,0.057,1.68,Super-Earth,1.343,6615.0,4.2562,1.9599,2.8264,False,12.209
K03226.02,6.9365,0.0785,1.51,Super-Earth,1.343,6615.0,4.2562,1.9599,2.8264,False,12.209
K03496.02,8.5434,0.09,1.58,Super-Earth,1.333,6602.0,4.8394,2.0899,3.0138,False,13.932
K03890.01,152.8256,0.6756,34.85,Super-Jupiter,1.761,4991.0,31.3659,5.3205,7.6727,False,13.226
K03891.01,47.1096,0.2647,78.98,Super-Jupiter,1.115,5258.0,5.2998,2.187,3.1539,False,13.731
K02840.01,3.6794,0.043,0.92,Rocky (Earth-like),0.781,5676.0,0.6697,0.7774,1.1211,False,13.884
K02925.01,0.7165,0.0149,1.11,Rocky (Earth-like),0.863,5552.0,0.9044,0.9034,1.3029,False,13.458
K03020.01,10.9193,0.1033,1.9,Super-Earth,1.234,5745.0,3.8007,1.8521,2.6709,False,13.534
K03111.01,10.768,0.094,0.92,Rocky (Earth-like),0.954,5874.0,1.2831,1.0761,1.5519,False,12.863
K03111.02,4.3285,0.0512,0.66,Rocky (Earth-like),0.954,5874.0,1.2831,1.0761,1.5519,False,12.863
K03114.01,7.4913,0.0762,1.01,Rocky (Earth-like),1.051,6177.0,3.8194,1.8566,2.6774,False,12.277
K03236.01,7.1304,0.0819,1.18,Rocky (Earth-like),1.443,6312.0,6.126,2.3513,3.3909,False,12.31
K03500.02,4.7483,0.062,1.57,Super-Earth,1.408,6056.0,7.4283,2.5892,3.7339,False,13.214
K03991.01,1.5706,0.0249,1.37,Super-Earth,0.837,5519.0,0.7061,0.7983,1.1512,False,13.14
K02840.02,7.4465,0.0687,0.77,Rocky (Earth-like),0.781,5676.0,0.6697,0.7774,1.1211,False,13.884
K03117.01,6.0666,0.0643,0.87,Rocky (Earth-like),0.963,5569.0,0.6866,0.7872,1.1352,False,13.163
K00353.03,11.1619,0.1027,1.97,Super-Earth,1.158,6200.0,3.5657,1.7939,2.587,False,13.374
K02677.01,237.7872,0.7707,9.91,Gas Giant,1.08,5185.0,2.2266,1.4176,2.0443,False,13.46
K02678.02,2.2166,0.0319,0.48,Rocky (Earth-like),0.878,5397.0,0.5257,0.6888,0.9933,False,11.799
K02679.01,110.7556,0.5208,29.64,Super-Jupiter,1.536,6525.0,11.5767,3.2323,4.6614,False,13.455
K03128.01,21.236,0.165,2.62,Mini-Neptune,1.328,6035.0,7.7936,2.6521,3.8246,False,13.371
K03248.01,6.9126,0.0701,0.64,Rocky (Earth-like),0.96,5761.0,1.0772,0.986,1.4219,False,12.419
K03340.01,8.954,0.0822,0.84,Rocky (Earth-like),0.925,6168.0,1.1646,1.0252,1.4785,False,13.776
K03340.02,13.7281,0.1093,1.06,Rocky (Earth-like),0.925,6168.0,1.1646,1.0252,1.4785,False,13.776
K03425.03,7.6437,0.0818,1.85,Super-Earth,1.251,6120.0,5.0345,2.1316,3.074,False,13.266
K03520.01,135.5861,0.5643,89.83,Super-Jupiter,1.304,6401.0,2.5494,1.5168,2.1875,False,13.674
K03907.01,28.6434,0.1917,5.82,Gas Giant,1.145,6507.0,5.0221,2.129,3.0702,False,12.642
K04098.01,1.1217,0.0222,2.39,Mini-Neptune,1.157,5023.0,3.7753,1.8459,2.6619,False,13.875
K02758.01,253.3746,1.0071,19.25,Super-Jupiter,2.122,5177.0,22.8082,4.537,6.5428,False,11.893
K02935.01,27.8813,0.1828,1.54,Super-Earth,1.048,6434.0,1.7113,1.2428,1.7922,False,13.603
K03522.01,241.0707,0.9782,76.53,Super-Jupiter,2.148,9414.0,54.3423,7.0031,10.0993,False,10.656
K03811.01,290.1402,0.8423,11.58,Super-Jupiter,0.947,5631.0,1.4389,1.1396,1.6434,False,13.906
K02859.03,4.2889,0.0454,0.57,Rocky (Earth-like),0.68,5374.0,0.389,0.5925,0.8545,False,13.851
K04011.01,2.1907,0.0364,1.68,Super-Earth,1.337,6208.0,5.1979,2.1659,3.1234,False,12.521
K02859.04,2.9051,0.035,0.57,Rocky (Earth-like),0.68,5374.0,0.389,0.5925,0.8545,False,13.851
K02859.05,5.431,0.0532,0.66,Rocky (Earth-like),0.68,5374.0,0.389,0.5925,0.8545,False,13.851
K02949.01,10.1747,0.0924,1.04,Rocky (Earth-like),1.016,5866.0,1.9047,1.3111,1.8907,False,13.313
K02949.02,3.7503,0.0475,0.87,Rocky (Earth-like),1.016,5866.0,1.9047,1.3111,1.8907,False,13.313
K03052.01,10.1296,0.0876,0.78,Rocky (Earth-like),0.874,5383.0,0.5341,0.6943,1.0012,False,13.573
K00331.02,10.5229,0.0952,23.26,Super-Jupiter,1.038,5548.0,2.2143,1.4136,2.0386,False,13.497
K00366.01,75.1122,0.4153,23.23,Super-Jupiter,1.694,6201.0,14.9232,3.6699,5.2924,False,11.714
K03823.01,202.1168,0.6659,5.8,Gas Giant,0.964,5536.0,0.7086,0.7997,1.1532,False,13.922
K04021.01,7.2353,0.0782,1.53,Super-Earth,1.22,6422.0,3.0815,1.6676,2.4049,False,13.166
K04021.02,4.9321,0.0606,1.02,Rocky (Earth-like),1.22,6422.0,3.0815,1.6676,2.4049,False,13.166
K04022.01,4.8582,0.0595,2.04,Mini-Neptune,1.188,6109.0,6.7607,2.4701,3.5622,False,13.269
K04123.01,44.6227,0.2461,1.73,Super-Earth,0.998,6198.0,2.0325,1.3544,1.9532,False,13.519
K02696.01,96.4562,0.4917,9.1,Gas Giant,1.704,7029.0,16.0132,3.8016,5.4823,False,12.998
K02696.02,44.5644,0.2938,5.8,Gas Giant,1.704,7029.0,16.0132,3.8016,5.4823,False,12.998
K03156.01,0.7611,0.0157,27.81,Super-Jupiter,0.897,6911.0,4.6112,2.04,2.9419,False,7.899
K03444.01,12.6714,0.0864,0.76,Rocky (Earth-like),0.536,3705.0,0.0473,0.2066,0.298,False,13.693
K03444.03,2.636,0.0303,0.5,Rocky (Earth-like),0.536,3705.0,0.0473,0.2066,0.298,False,13.693
K03541.01,421.4285,1.1533,54.16,Super-Jupiter,1.152,6235.0,3.9556,1.8894,2.7248,False,13.769
K04129.01,2.3148,0.0322,0.69,Rocky (Earth-like),0.833,5240.0,0.5763,0.7212,1.04,False,13.506
K00317.02,11.5059,0.1095,0.99,Rocky (Earth-like),1.324,6336.0,2.8462,1.6027,2.3113,False,12.885
K00326.01,8.9735,0.099,36.0,Super-Jupiter,1.606,4751.0,60.8332,7.4096,10.6854,False,12.96
K04032.05,7.2352,0.0715,0.82,Rocky (Earth-like),0.933,5574.0,0.9823,0.9416,1.3578,False,12.639
K04136.01,2.4175,0.0348,1.19,Rocky (Earth-like),0.965,5575.0,1.4828,1.1568,1.6683,False,13.955
K04136.02,4.0336,0.049,1.23,Rocky (Earth-like),0.965,5575.0,1.4828,1.1568,1.6683,False,13.955
K02706.01,3.0976,0.0462,1.75,Super-Earth,1.374,6329.0,5.1151,2.1486,3.0985,False,10.268
K02968.01,10.1644,0.1028,1.99,Super-Earth,1.401,6133.0,9.3222,2.9006,4.1829,False,11.912
K04575.01,201.325,0.7349,1.98,Super-Earth,1.306,6120.0,3.6331,1.8108,2.6113,False,13.174
K04580.01,6.3043,0.0708,1.23,Rocky (Earth-like),1.192,6728.0,6.197,2.3649,3.4104,False,13.01
K04818.01,3.7989,0.0547,1.46,Super-Earth,1.511,6831.0,8.6645,2.7964,4.0327,False,13.008
K04823.01,4.965,0.0566,1.51,Super-Earth,0.982,5339.0,2.9482,1.6312,2.3523,False,12.739
K04963.01,59.4038,0.294,1.65,Super-Earth,0.961,6373.0,2.1633,1.3973,2.015,False,11.679
K05220.01,1.5347,0.0332,18.39,Super-Jupiter,2.079,4965.0,42.5482,6.1968,8.9364,False,12.224
K05486.01,4.1547,0.0609,23.47,Super-Jupiter,1.742,6996.0,24.2499,4.6782,6.7465,False,12.572
K05761.01,6.1329,0.0719,1.56,Super-Earth,1.316,5877.0,4.4281,1.9991,2.8829,False,13.421
K06016.01,4.5534,0.0536,25.84,Super-Jupiter,0.991,6306.0,1.7449,1.2549,1.8097,False,11.471
K06103.02,122.8054,0.5559,118.62,Super-Jupiter,1.519,5874.0,9.6517,2.9514,4.2562,False,13.436
K06342.01,8.1771,0.0799,0.83,Rocky (Earth-like),1.017,6501.0,2.3424,1.454,2.0968,False,12.419
K04246.02,8.7563,0.0843,1.12,Rocky (Earth-like),1.044,5839.0,1.5701,1.1904,1.7167,False,13.382
K04251.01,6.2397,0.0653,1.55,Super-Earth,0.956,5751.0,1.2822,1.0757,1.5513,False,13.795
K04367.01,170.9957,0.6753,4.9,Gas Giant,1.405,6127.0,4.972,2.1183,3.0548,False,13.985
K04581.01,6.006,0.0657,0.73,Rocky (Earth-like),1.05,6103.0,1.6749,1.2295,1.773,False,13.549
K04582.01,4.2243,0.0494,0.35,Rocky (Earth-like),0.903,5735.0,0.7567,0.8264,1.1917,False,11.756
K04699.01,3.0771,0.0435,1.08,Rocky (Earth-like),1.162,6108.0,2.2289,1.4183,2.0453,False,12.889
K04833.01,4.3172,0.0515,1.01,Rocky (Earth-like),0.979,5992.0,1.9848,1.3384,1.9301,False,13.6
K04834.01,3.741,0.0546,1.85,Super-Earth,1.554,5110.0,6.3863,2.4008,3.4621,False,13.096
K04972.01,26.0923,0.185,1.35,Super-Earth,1.241,6346.0,2.1445,1.3912,2.0062,False,13.98
K06246.01,9.1332,0.0867,1.48,Super-Earth,1.041,6122.0,1.1712,1.0281,1.4826,False,11.767
K06353.01,10.0714,0.098,1.98,Super-Earth,1.236,5768.0,7.8416,2.6603,3.8364,False,13.472
K04152.01,64.1862,0.3683,8.0,Gas Giant,1.618,6951.0,15.9319,3.7919,5.4683,False,12.972
K04257.01,41.6758,0.2374,2.1,Mini-Neptune,1.027,5745.0,3.0378,1.6558,2.3878,False,13.34
K04482.01,5.383,0.0627,0.78,Rocky (Earth-like),1.135,6256.0,2.2976,1.44,2.0766,False,12.642
K04588.01,7.5374,0.0802,0.93,Rocky (Earth-like),1.212,6483.0,3.2682,1.7174,2.4767,False,12.912
K04713.01,8.7963,0.0834,1.36,Super-Earth,1.0,5780.0,1.0014,0.9507,1.371,False,13.641
K04839.01,21.842,0.162,2.01,Mini-Neptune,1.189,6194.0,6.6322,2.4465,3.5282,False,13.547
K05007.01,14.5168,0.1217,1.82,Super-Earth,1.141,5934.0,3.9528,1.8888,2.7238,False,13.698
K05515.01,6.2635,0.0651,6.46,Gas Giant,0.936,6247.0,1.948,1.3259,1.9121,False,13.952
K06250.01,1.8532,0.0308,32.99,Super-Jupiter,1.14,6384.0,4.3883,1.9901,2.8699,False,13.085
K06361.01,1.5293,0.0281,2.26,Mini-Neptune,1.263,6438.0,7.9143,2.6726,3.8541,False,11.268
K06475.01,4.8451,0.05,1.54,Super-Earth,0.709,4337.0,0.1618,0.3821,0.5511,False,13.731
K04157.02,5.2158,0.0628,0.83,Rocky (Earth-like),1.213,6202.0,1.6711,1.2281,1.771,False,12.692
K00396.01,14.5915,0.1166,36.85,Super-Jupiter,0.993,5940.0,1.9227,1.3173,1.8997,False,13.311
K04260.04,84.7998,0.3576,1.16,Rocky (Earth-like),0.848,5619.0,1.7681,1.2632,1.8217,False,11.443
K04377.01,19.8751,0.1657,2.49,Mini-Neptune,1.536,6918.0,8.2529,2.7291,3.9357,False,13.543
K04380.01,5.7816,0.07,1.7,Super-Earth,1.371,6443.0,5.4879,2.2255,3.2094,False,13.384
K04715.01,53.2856,0.2579,1.44,Super-Earth,0.806,6015.0,1.3121,1.0882,1.5693,False,13.98
K04716.01,5.8943,0.0657,0.61,Rocky (Earth-like),1.087,5929.0,1.4535,1.1453,1.6517,False,12.322
K05007.02,80.8818,0.3825,2.27,Mini-Neptune,1.141,5934.0,3.9528,1.8888,2.7238,False,13.698
K05543.01,7.4151,0.1115,91.09,Super-Jupiter,3.366,4989.0,185.4517,12.9372,18.6567,False,13.56
K05817.01,113.0835,0.4694,1.59,Super-Earth,1.079,5903.0,2.1352,1.3882,2.0019,False,13.336
K04383.02,2.5839,0.0372,0.77,Rocky (Earth-like),1.032,6164.0,1.5388,1.1785,1.6995,False,13.874
K04601.01,7.94,0.0812,0.98,Rocky (Earth-like),1.132,6278.0,1.6286,1.2124,1.7483,False,13.757
K04603.01,15.9514,0.1311,1.17,Rocky (Earth-like),1.181,6451.0,2.1197,1.3831,1.9946,False,13.629
K04605.01,7.7859,0.0767,0.68,Rocky (Earth-like),0.994,6045.0,1.0904,0.992,1.4306,False,13.515
K05016.01,0.5236,0.0166,1.08,Rocky (Earth-like),2.225,8277.0,52.1163,6.8582,9.8903,False,10.061
K05287.01,3.9892,0.0725,28.1,Super-Jupiter,3.192,4998.0,146.6924,11.5061,16.593,False,13.56
K05552.01,295.9589,0.8301,2.1,Mini-Neptune,0.871,5505.0,0.8109,0.8555,1.2337,False,13.344
K05563.01,7.6221,0.083,3.8,Mini-Neptune,1.312,5222.0,6.6705,2.4536,3.5383,False,13.629
K05566.01,0.9887,0.0222,3.18,Mini-Neptune,1.49,6456.0,11.9852,3.2889,4.7429,False,12.551
K05833.01,440.1713,1.1437,5.97,Gas Giant,1.03,6261.0,3.8866,1.8729,2.7009,False,13.014
K05845.01,22.266,0.1717,1.18,Rocky (Earth-like),1.363,6888.0,4.4957,2.0143,2.9048,False,11.299
K06263.01,8.6097,0.1006,3.33,Mini-Neptune,1.83,5418.0,13.853,3.5359,5.0991,False,12.765
K04273.01,17.3732,0.1409,1.31,Super-Earth,1.237,6180.0,3.1037,1.6736,2.4136,False,12.677
K04388.02,61.8589,0.3426,2.47,Mini-Neptune,1.402,5529.0,6.6535,2.4505,3.5338,False,12.045
K04505.01,18.0071,0.1355,1.05,Rocky (Earth-like),1.023,6173.0,1.7743,1.2654,1.8249,False,13.615
K04614.01,6.4547,0.0718,1.38,Super-Earth,1.185,6474.0,2.9237,1.6244,2.3425,False,13.784
K05310.01,22.2904,0.1527,1.13,Rocky (Earth-like),0.956,5597.0,0.8805,0.8914,1.2855,False,13.993
K04287.01,13.123,0.1148,1.29,Super-Earth,1.173,6134.0,3.5212,1.7827,2.5708,False,11.265
K04287.02,9.6183,0.0934,0.85,Rocky (Earth-like),1.173,6134.0,3.5212,1.7827,2.5708,False,11.265
K04399.01,42.1003,0.2301,1.42,Super-Earth,0.917,5595.0,0.5912,0.7305,1.0534,False,11.965
K04744.01,3.3916,0.0442,0.49,Rocky (Earth-like),1.0,5896.0,0.9058,0.9041,1.3039,False,13.773
K05321.01,215.6344,0.7108,1.92,Super-Earth,1.03,6163.0,3.1824,1.6947,2.444,False,13.793
K05323.01,7.1555,0.093,48.93,Super-Jupiter,2.096,4992.0,36.124,5.7098,8.2341,False,13.672
K05597.01,7.7771,0.0713,0.73,Rocky (Earth-like),0.8,5073.0,0.4303,0.6232,0.8987,False,13.725
K05874.01,287.3311,0.8176,2.07,Mini-Neptune,0.883,5426.0,0.7886,0.8436,1.2166,False,13.618
K04180.01,1.1216,0.0191,0.6,Rocky (Earth-like),0.735,4518.0,0.1938,0.4182,0.6031,False,13.958
K04288.02,9.0875,0.0862,0.73,Rocky (Earth-like),1.036,5888.0,1.6235,1.2105,1.7456,False,12.4
K04288.04,13.951,0.1148,0.75,Rocky (Earth-like),1.036,5888.0,1.6235,1.2105,1.7456,False,12.4
K04407.01,1.3381,0.0257,0.6,Rocky (Earth-like),1.269,6355.0,2.5459,1.5158,2.186,False,11.179
K04871.01,4.082,0.051,0.6,Rocky (Earth-like),1.061,6538.0,2.1907,1.4061,2.0277,False,13.05
K05901.01,61.6111,0.323,1.29,Super-Earth,1.184,6533.0,3.1395,1.6833,2.4275,False,12.332
K06156.01,1.6084,0.0225,19.36,Super-Jupiter,0.589,5022.0,0.198,0.4227,0.6096,False,13.819
K04296.01,2.4939,0.0333,0.59,Rocky (Earth-like),0.79,5615.0,0.6444,0.7626,1.0998,False,13.03
K04298.01,2.8949,0.0447,1.16,Rocky (Earth-like),1.418,7087.0,6.4184,2.4068,3.4708,False,13.458
K04633.01,11.6933,0.1068,1.12,Rocky (Earth-like),1.189,6049.0,2.2022,1.4098,2.0331,False,13.848
K04634.01,4.0275,0.0493,0.98,Rocky (Earth-like),0.987,6174.0,1.4127,1.1291,1.6283,False,13.685
K04637.01,4.3799,0.0575,0.81,Rocky (Earth-like),1.324,6311.0,5.2358,2.1738,3.1348,False,10.438
K04881.01,5.6795,0.0648,1.16,Rocky (Earth-like),1.127,6514.0,4.0583,1.9138,2.7599,False,12.892
K00075.01,105.8818,0.4782,10.16,Gas Giant,1.301,5903.0,6.8032,2.4779,3.5734,False,10.775
K05336.01,265.7414,0.9043,3.24,Mini-Neptune,1.397,6537.0,5.6619,2.2605,3.2599,False,13.491
K05341.01,15.1858,0.122,2.26,Mini-Neptune,1.05,6311.0,2.5518,1.5176,2.1885,False,12.493
K05632.01,264.4666,0.86,2.61,Mini-Neptune,1.213,6551.0,2.5244,1.5094,2.1767,False,11.154
K06401.01,1.9613,0.0352,41.53,Super-Jupiter,1.516,6221.0,6.4921,2.4206,3.4907,False,13.749
K04301.02,6.3192,0.0693,1.04,Rocky (Earth-like),1.11,6254.0,3.9947,1.8987,2.7382,False,13.096
K04302.01,5.5331,0.0622,1.05,Rocky (Earth-like),1.047,6170.0,2.6403,1.5437,2.2261,False,13.591
K04421.01,4.7269,0.0569,0.61,Rocky (Earth-like),1.1,5950.0,1.6085,1.2049,1.7375,False,12.788
K04421.02,6.5595,0.0708,0.62,Rocky (Earth-like),1.1,5950.0,1.6085,1.2049,1.7375,False,12.788
K04528.01,8.3122,0.0726,10.63,Gas Giant,0.739,5421.0,0.5159,0.6823,0.984,False,13.019
K05361.01,22.0496,0.1689,1.9,Super-Earth,1.321,6821.0,4.654,2.0494,2.9555,False,13.454
K05375.01,285.3746,0.7931,5.94,Gas Giant,0.817,5142.0,4.7641,2.0735,2.9903,False,13.863
K05663.01,140.8845,0.5449,1.52,Super-Earth,1.087,5960.0,1.6657,1.2261,1.7681,False,13.06
K06299.01,0.9476,0.0186,0.67,Rocky (Earth-like),0.955,5508.0,0.5827,0.7252,1.0458,False,13.853
K04647.01,37.9044,0.2239,1.97,Super-Earth,1.042,5303.0,2.7369,1.5716,2.2665,False,13.726
K04647.02,12.0086,0.1041,2.08,Mini-Neptune,1.042,5303.0,2.7369,1.5716,2.2665,False,13.726
K04651.01,1.1926,0.0207,0.77,Rocky (Earth-like),0.837,5600.0,0.9054,0.9039,1.3036,False,13.818
K04771.01,142.7039,0.5821,1.95,Super-Earth,1.292,6701.0,3.0058,1.647,2.3752,False,13.964
K04773.01,8.8494,0.0838,0.82,Rocky (Earth-like),1.004,6095.0,1.5256,1.1734,1.6922,False,13.556
K04773.02,11.1438,0.0978,0.75,Rocky (Earth-like),1.004,6095.0,1.5256,1.1734,1.6922,False,13.556
K04774.01,51.5678,0.2539,1.3,Super-Earth,0.821,5285.0,0.5371,0.6962,1.004,False,13.882
K04775.01,16.4492,0.1437,2.75,Mini-Neptune,1.464,5334.0,5.6494,2.258,3.2563,False,12.999
K05964.01,32.0332,0.2043,0.85,Rocky (Earth-like),1.108,6039.0,1.2053,1.043,1.5041,False,13.186
K05974.01,4.7682,0.0477,0.49,Rocky (Earth-like),0.638,4680.0,0.1813,0.4045,0.5833,False,13.442
K04318.01,14.8163,0.1251,1.57,Super-Earth,1.191,6356.0,2.5707,1.5232,2.1966,False,12.583
K04431.01,19.5651,0.1462,0.97,Rocky (Earth-like),1.09,6180.0,1.9961,1.3422,1.9356,False,12.674
K04435.01,10.8614,0.0981,1.01,Rocky (Earth-like),1.069,6339.0,1.4984,1.1629,1.677,False,13.517
K04653.01,19.9779,0.1545,1.07,Rocky (Earth-like),1.232,6392.0,2.0223,1.351,1.9482,False,13.52
K04656.01,3.8184,0.0529,1.39,Super-Earth,1.351,6738.0,5.2944,2.1859,3.1523,False,13.821
K04657.01,7.576,0.0715,0.54,Rocky (Earth-like),0.848,5361.0,0.444,0.633,0.9129,False,13.241
K04657.02,10.4315,0.0884,0.77,Rocky (Earth-like),0.848,5361.0,0.444,0.633,0.9129,False,13.241
K04778.01,0.7722,0.0163,4.44,Gas Giant,0.967,5951.0,4.8683,2.0961,3.0228,False,13.308
K04907.01,4.0448,0.051,0.67,Rocky (Earth-like),1.082,6358.0,1.9087,1.3125,1.8927,False,13.778
K05129.01,0.6688,0.0231,124.42,Super-Jupiter,3.686,3711.0,3833.2132,58.8173,84.8207,False,11.598
K05132.01,43.9312,0.2927,58.37,Super-Jupiter,1.734,4888.0,13.4893,3.4891,5.0317,False,12.776
K05410.01,24.1528,0.1674,0.97,Rocky (Earth-like),1.073,6223.0,1.6133,1.2066,1.7401,False,13.664
K05411.01,11.1734,0.1133,1.4,Super-Earth,1.552,7372.0,8.1339,2.7094,3.9072,False,13.335
K05708.01,7.8634,0.0768,22.7,Super-Jupiter,0.976,5615.0,1.748,1.256,1.8113,False,12.524
K06194.01,42.2947,0.3159,140.14,Super-Jupiter,2.351,4926.0,32.5459,5.4197,7.8157,False,12.057
K04212.02,10.099,0.0947,1.03,Rocky (Earth-like),1.109,6174.0,2.2646,1.4296,2.0617,False,13.96
K04323.01,11.4959,0.1036,1.59,Super-Earth,1.123,6290.0,3.1852,1.6955,2.4451,False,13.582
K04443.01,5.6758,0.0679,1.22,Rocky (Earth-like),1.294,6681.0,3.6964,1.8265,2.634,False,13.802
K04546.01,0.7418,0.0186,72.36,Super-Jupiter,1.566,5897.0,10.745,3.1141,4.4908,False,13.469
K04663.01,5.6569,0.0618,0.74,Rocky (Earth-like),0.986,5687.0,1.6352,1.2148,1.7519,False,12.715
K04913.01,6.7879,0.0834,2.44,Mini-Neptune,1.677,6537.0,13.112,3.44,4.9608,False,13.36
K05150.01,26.5246,0.1711,2.19,Mini-Neptune,0.95,4995.0,1.6198,1.2091,1.7436,False,13.681
K05157.01,0.7821,0.0207,21.02,Super-Jupiter,1.939,4475.0,147.3514,11.5319,16.6302,False,11.378
K05426.01,124.8872,0.4718,1.78,Super-Earth,0.898,6103.0,1.8954,1.3079,1.8861,False,13.701
K06557.01,6.6345,0.0719,1.04,Rocky (Earth-like),1.126,6463.0,2.3491,1.456,2.0998,False,13.805
K04329.01,17.8008,0.1423,1.02,Rocky (Earth-like),1.214,6240.0,2.1322,1.3872,2.0005,False,12.018
K04331.01,1.7179,0.0309,1.45,Super-Earth,1.333,6694.0,5.4042,2.2085,3.1848,False,13.228
K04452.01,12.8576,0.1045,1.23,Rocky (Earth-like),0.922,5860.0,1.4138,1.1296,1.629,False,13.821
K04557.01,5.7565,0.0646,0.83,Rocky (Earth-like),1.086,6208.0,1.3973,1.123,1.6194,False,13.666
K04674.01,4.8435,0.0542,0.9,Rocky (Earth-like),0.906,5762.0,1.1028,0.9976,1.4387,False,13.59
K05179.01,1.0495,0.023,0.84,Rocky (Earth-like),1.469,7479.0,7.8007,2.6533,3.8264,False,12.519
K05441.01,25.4805,0.1724,1.25,Super-Earth,1.052,6250.0,1.331,1.096,1.5806,False,13.181
K04226.01,49.5647,0.2833,1.63,Super-Earth,1.234,5907.0,2.2714,1.4318,2.0647,False,12.83
K04341.01,10.7783,0.0972,1.25,Super-Earth,1.054,6726.0,2.9059,1.6194,2.3354,False,13.264
K04457.01,79.3343,0.3646,1.56,Super-Earth,1.027,6384.0,1.9709,1.3337,1.9233,False,13.815
K04458.01,358.8189,0.957,2.66,Mini-Neptune,0.908,6056.0,1.017,0.958,1.3816,False,13.919
K04807.01,0.9698,0.0192,0.49,Rocky (Earth-like),1.0,5780.0,1.0014,0.9507,1.371,False,11.563
K05459.01,53.5545,0.3142,3.1,Mini-Neptune,1.442,6039.0,8.2038,2.721,3.924,False,11.47
K05736.01,161.6515,0.5785,2.22,Mini-Neptune,0.988,5725.0,1.6014,1.2022,1.7337,False,13.756
K06093.02,27.2498,0.2193,4.49,Gas Giant,1.894,5440.0,16.0817,3.8097,5.494,False,13.33
K04235.01,66.6435,0.33,2.99,Mini-Neptune,1.079,5751.0,1.3297,1.0955,1.5798,False,13.224
K04345.01,4.3271,0.0483,26.6,Super-Jupiter,0.804,5776.0,2.1141,1.3813,1.992,False,13.404
K04567.01,14.7443,0.1179,8.1,Gas Giant,1.006,6146.0,1.2471,1.0609,1.5299,False,13.775
K04567.02,4.6725,0.0548,1.11,Rocky (Earth-like),1.006,6146.0,1.2471,1.0609,1.5299,False,13.775
K04686.01,11.8299,0.1127,1.6,Super-Earth,1.365,5747.0,5.784,2.2847,3.2948,False,12.327
K04811.01,21.7434,0.1518,2.23,Mini-Neptune,0.987,5767.0,2.224,1.4167,2.0431,False,13.816
K04813.01,9.2295,0.0734,0.82,Rocky (Earth-like),0.618,4781.0,0.1665,0.3876,0.559,False,13.78
K05207.01,18.9828,0.143,0.72,Rocky (Earth-like),1.083,5962.0,1.2143,1.0469,1.5097,False,13.048
K05211.01,3.5645,0.0447,0.6,Rocky (Earth-like),0.937,5435.0,0.5315,0.6926,0.9988,False,12.936
K05475.02,5.6833,0.0583,0.97,Rocky (Earth-like),0.818,6072.0,2.017,1.3492,1.9457,False,13.093
K05752.01,1.3917,0.0234,36.19,Super-Jupiter,0.885,3749.0,631.346,23.8703,34.4234,False,13.71
K04245.01,24.6684,0.1786,1.76,Super-Earth,1.249,6059.0,2.9201,1.6234,2.3411,False,13.572
K04359.01,0.629,0.016,0.81,Rocky (Earth-like),1.375,6739.0,7.8448,2.6608,3.8372,False,11.283
K07157.01,23.9831,0.1581,1.17,Rocky (Earth-like),0.916,5696.0,1.5765,1.1928,1.7202,False,13.863
K07162.01,5.1581,0.0643,2.02,Mini-Neptune,1.331,5155.0,7.1316,2.537,3.6586,False,13.031
K07638.01,25.0032,0.1766,1.47,Super-Earth,1.176,6148.0,3.6394,1.8123,2.6136,False,12.55
K07847.01,399.3759,1.102,3.93,Mini-Neptune,1.119,6098.0,3.2479,1.7121,2.469,False,13.281
K08054.01,43.9088,0.2909,7.33,Gas Giant,1.703,5216.0,12.2965,3.3313,4.8041,False,13.589
K08253.01,400.1148,1.0645,0.95,Rocky (Earth-like),1.005,5547.0,0.705,0.7977,1.1503,True,13.521
K00647.02,8.1135,0.078,0.92,Rocky (Earth-like),0.963,6011.0,2.3254,1.4487,2.0891,False,13.55
K07169.01,10.5114,0.0993,0.72,Rocky (Earth-like),1.182,6575.0,2.8556,1.6054,2.3151,False,12.931
K07279.01,11.7728,0.0969,0.93,Rocky (Earth-like),0.875,5410.0,0.8571,0.8795,1.2683,False,13.717
K07645.01,2.0087,0.0277,0.55,Rocky (Earth-like),0.705,5341.0,0.4206,0.6161,0.8885,False,12.334
K07749.01,133.6348,0.4815,1.89,Super-Earth,0.834,5202.0,0.5537,0.7069,1.0194,False,13.623
K08061.01,0.7197,0.0162,0.57,Rocky (Earth-like),1.101,6014.0,1.1573,1.022,1.4738,False,8.777
K08159.02,353.0186,1.0339,2.25,Mini-Neptune,1.183,6450.0,2.0715,1.3673,1.9718,False,13.971
K08163.01,370.9825,1.0102,119.96,Super-Jupiter,0.999,6028.0,3.1474,1.6854,2.4305,False,13.936
K08257.01,9.4609,0.0783,0.54,Rocky (Earth-like),0.716,5485.0,0.5043,0.6746,0.9729,False,13.413
K06954.01,6.6137,0.0711,0.91,Rocky (Earth-like),1.094,6056.0,3.0778,1.6666,2.4035,False,13.109
K07174.01,1.5849,0.0218,0.37,Rocky (Earth-like),0.552,4201.0,0.0895,0.2842,0.4099,False,13.742
K07291.01,25.9137,0.186,3.37,Mini-Neptune,1.279,6167.0,7.1424,2.5389,3.6614,False,12.556
K07750.01,494.4851,1.3737,5.03,Gas Giant,1.414,6303.0,9.2296,2.8861,4.1621,False,12.088
K07863.01,5.2449,0.0562,0.52,Rocky (Earth-like),0.862,5823.0,0.7952,0.8472,1.2217,False,13.695
K06960.01,4.887,0.0578,1.2,Rocky (Earth-like),1.079,6152.0,1.3084,1.0867,1.5671,False,13.873
K07072.01,15.3903,0.1457,4.39,Gas Giant,1.74,5649.0,22.7863,4.5348,6.5397,False,13.808
K07073.01,279.0366,0.8728,30.25,Super-Jupiter,1.139,6072.0,1.9764,1.3356,1.926,False,13.054
K07764.01,227.8346,0.7634,2.83,Mini-Neptune,1.143,6004.0,5.607,2.2495,3.244,False,13.845
K08076.01,71.1068,0.3498,1.42,Super-Earth,1.129,6339.0,2.1704,1.3996,2.0183,False,13.74
K08174.01,295.0607,0.7731,0.64,Rocky (Earth-like),0.708,5332.0,0.4211,0.6165,0.889,True,11.922
K08272.01,432.4279,1.144,1.14,Rocky (Earth-like),1.068,6263.0,1.4054,1.1262,1.6241,True,13.814
K07662.01,4.7252,0.0652,3.98,Mini-Neptune,1.653,6655.0,25.8289,4.8281,6.9626,False,12.358
K07873.01,1.9319,0.0304,0.57,Rocky (Earth-like),1.0,5896.0,0.9058,0.9041,1.3039,False,13.5
K07978.01,7.2682,0.0821,1.66,Super-Earth,1.398,6297.0,6.9461,2.5038,3.6107,False,13.729
K08082.01,8.2766,0.0936,2.48,Mini-Neptune,1.596,6787.0,14.4283,3.6085,5.2039,False,12.43
K08180.01,185.9753,0.8099,2.76,Mini-Neptune,2.049,7365.0,34.9387,5.6154,8.0979,False,10.554
K08183.01,5.8877,0.0643,0.6,Rocky (Earth-like),1.022,6065.0,1.0887,0.9912,1.4295,False,13.811
K08276.01,385.8587,1.1069,3.23,Mini-Neptune,1.215,6551.0,2.3597,1.4593,2.1045,False,13.993
K06733.01,1.2894,0.0285,2.48,Mini-Neptune,1.865,5826.0,18.1381,4.0459,5.8347,False,13.897
K06969.01,1.7905,0.0301,32.19,Super-Jupiter,1.131,6586.0,2.5083,1.5046,2.1698,False,12.45
K07416.01,37.4647,0.2234,0.97,Rocky (Earth-like),1.06,6266.0,2.4909,1.4993,2.1622,False,12.052
K07673.01,80.7699,0.3624,1.87,Super-Earth,0.973,4965.0,1.5905,1.1981,1.7278,False,13.026
K07775.01,89.9458,0.3781,3.46,Mini-Neptune,0.891,5115.0,2.2734,1.4324,2.0657,False,13.64
K07780.01,5.3361,0.0647,1.52,Super-Earth,1.267,6742.0,7.6541,2.6283,3.7902,False,12.691
K07880.01,623.7077,1.4471,1.81,Super-Earth,1.039,6626.0,2.2161,1.4142,2.0395,True,13.379
K08089.01,141.4003,0.7905,41.55,Super-Jupiter,3.295,4936.0,118.3507,10.335,14.9041,False,12.783
K06630.01,34.6506,0.2561,12.35,Super-Jupiter,1.866,6681.0,31.3074,5.3155,7.6656,False,12.954
K06631.01,2.5627,0.0343,0.48,Rocky (Earth-like),0.823,5190.0,0.5261,0.6891,0.9937,False,13.273
K06860.01,0.5767,0.0121,0.43,Rocky (Earth-like),0.707,4524.0,0.1932,0.4176,0.6022,False,13.291
K06978.01,3.0755,0.0416,0.84,Rocky (Earth-like),1.014,5763.0,1.5266,1.1738,1.6927,False,13.359
K07676.01,5.3694,0.059,0.62,Rocky (Earth-like),0.951,5753.0,0.7422,0.8184,1.1803,False,13.786
K07678.01,13.0915,0.1104,0.79,Rocky (Earth-like),1.048,5919.0,1.8269,1.284,1.8517,False,11.993
K07680.01,219.2058,0.8172,2.66,Mini-Neptune,1.515,6990.0,6.8246,2.4818,3.579,False,12.449
K07888.01,4.7368,0.0563,0.6,Rocky (Earth-like),1.06,6088.0,1.2598,1.0663,1.5377,False,13.922
K07991.01,11.9451,0.1175,3.32,Mini-Neptune,1.517,5094.0,10.4698,3.0739,4.4329,False,12.609
K07100.01,0.8249,0.016,78.0,Super-Jupiter,0.798,5658.0,2.5154,1.5067,2.1728,False,12.372
K07209.01,8.2553,0.0957,3.28,Mini-Neptune,1.714,5403.0,9.9091,2.9905,4.3126,False,13.816
K07427.01,7.8935,0.0774,0.78,Rocky (Earth-like),0.991,6306.0,1.7449,1.2549,1.8097,False,13.954
K07430.01,1.3205,0.0349,18.94,Super-Jupiter,3.257,5172.0,116.2055,10.2409,14.7684,False,11.466
K07540.01,21.9805,0.1447,0.92,Rocky (Earth-like),0.837,5573.0,0.7582,0.8272,1.1929,False,13.852
K07685.01,64.7403,0.3076,1.35,Super-Earth,0.926,5999.0,1.6097,1.2053,1.7382,False,13.219
K07685.02,33.5029,0.1983,1.08,Rocky (Earth-like),0.926,5999.0,1.6097,1.2053,1.7382,False,13.219
K07791.01,106.1873,0.4544,231.85,Super-Jupiter,1.11,3287.0,2450.7303,47.0296,67.8216,False,10.028
K06763.01,2.4469,0.0358,0.56,Rocky (Earth-like),1.022,5821.0,1.0992,0.996,1.4363,False,12.16
K06994.01,4.2591,0.0504,0.7,Rocky (Earth-like),0.942,5560.0,1.4849,1.1576,1.6694,False,12.832
K07435.01,1.3675,0.0245,0.82,Rocky (Earth-like),1.044,5836.0,1.1431,1.0157,1.4647,False,13.861
K07687.01,23.2666,0.1821,2.66,Mini-Neptune,1.487,5758.0,14.0543,3.5615,5.136,False,13.047
K08107.01,578.8876,1.4386,1.69,Super-Earth,1.185,6180.0,4.8094,2.0834,3.0045,False,11.402
K08109.01,218.7711,0.8017,250.2,Super-Jupiter,1.436,3297.0,2423.1333,46.7641,67.4387,False,12.429
K08205.01,260.4462,0.9615,25.39,Super-Jupiter,1.748,4845.0,30.0475,5.2075,7.5097,False,12.766
K07905.01,7.4752,0.0721,0.85,Rocky (Earth-like),0.894,5616.0,2.2905,1.4378,2.0734,False,13.075
K07116.01,2.5256,0.0367,0.62,Rocky (Earth-like),1.031,5821.0,1.1056,0.9989,1.4405,False,13.564
K07915.01,382.5891,1.038,2.15,Mini-Neptune,1.019,6337.0,2.2211,1.4158,2.0418,False,13.678
K07354.01,43.2676,0.2516,1.61,Super-Earth,1.135,5747.0,2.9258,1.625,2.3434,False,13.468
K07587.01,366.0889,0.9839,2.57,Mini-Neptune,0.948,5941.0,0.9981,0.9491,1.3687,True,11.616
K07708.01,6.7024,0.0691,1.82,Super-Earth,0.979,5466.0,3.9613,1.8908,2.7267,False,12.954
K07712.01,4.8302,0.0535,1.06,Rocky (Earth-like),0.877,5086.0,3.0311,1.654,2.3852,False,11.994
K07818.01,2.5244,0.0393,1.53,Super-Earth,1.266,6461.0,7.7401,2.643,3.8115,False,13.063
K07920.01,1.0435,0.0219,1.09,Rocky (Earth-like),1.281,6014.0,5.9206,2.3116,3.3335,False,13.292
K07923.01,395.1314,1.0007,0.97,Rocky (Earth-like),0.856,5060.0,0.4442,0.6332,0.9131,False,12.642
K00082.06,22.4099,0.1448,0.73,Rocky (Earth-like),0.806,4900.0,0.284,0.5063,0.7301,False,11.492
K08031.01,254.3367,0.9928,13.97,Super-Jupiter,2.018,5193.0,27.584,4.9894,7.1953,False,13.625
K00625.01,38.1385,0.2513,68.75,Super-Jupiter,1.456,6481.0,8.6897,2.8004,4.0385,False,13.592
K00626.02,8.0292,0.0787,0.99,Rocky (Earth-like),1.009,6063.0,1.7197,1.2458,1.7966,False,13.49
K00100.01,9.9664,0.1059,16.89,Super-Jupiter,1.595,6638.0,16.5142,3.8606,5.5674,False,12.598
K06680.01,5.5251,0.0598,0.8,Rocky (Earth-like),0.936,5600.0,0.9489,0.9254,1.3345,False,13.692
K06798.01,2.6419,0.0348,3.56,Mini-Neptune,0.805,5195.0,5.6292,2.254,3.2505,False,13.533
K07832.01,3.6092,0.0463,0.68,Rocky (Earth-like),1.014,6032.0,1.0251,0.9618,1.3871,False,13.534
K07932.01,502.2565,1.1135,1.03,Rocky (Earth-like),0.73,5637.0,0.6286,0.7532,1.0862,False,13.339
K08035.01,29.4856,0.2058,1.46,Super-Earth,1.337,6870.0,3.9564,1.8896,2.725,False,13.783
K07032.01,3.6405,0.0466,0.61,Rocky (Earth-like),1.017,5745.0,0.8563,0.8791,1.2677,False,12.646
K07258.01,2.4376,0.0368,0.79,Rocky (Earth-like),1.118,5927.0,2.5919,1.5294,2.2056,False,12.66
K07479.01,7.1969,0.0731,1.1,Rocky (Earth-like),1.004,5530.0,2.0814,1.3706,1.9765,False,13.44
K07624.01,330.025,1.1063,5.92,Gas Giant,1.658,6126.0,15.1794,3.7013,5.3376,False,12.668
K07628.01,1.8134,0.0264,0.69,Rocky (Earth-like),0.743,5094.0,0.296,0.5169,0.7454,False,13.961
K07938.01,275.5603,0.902,2.33,Mini-Neptune,1.289,5989.0,7.025,2.5179,3.6311,False,11.663
K07940.01,188.881,0.6604,1.86,Super-Earth,1.077,6077.0,1.2212,1.0498,1.514,False,12.85
K08046.01,384.3771,1.2086,50.93,Super-Jupiter,1.594,4859.0,72.2941,8.0775,11.6486,False,12.656
K08241.01,490.6394,1.3977,7.67,Gas Giant,1.513,5037.0,13.4008,3.4777,5.0152,False,13.227
K07735.01,382.3031,1.1318,4.05,Gas Giant,1.323,5993.0,7.7637,2.647,3.8173,False,13.104
K07842.01,3.1114,0.0439,0.7,Rocky (Earth-like),1.169,6450.0,2.5164,1.507,2.1733,False,13.396
K08050.01,278.3893,0.963,6.81,Gas Giant,1.537,4951.0,10.1635,3.0286,4.3676,False,12.795
K08052.01,7.8687,0.0856,1.73,Super-Earth,1.351,6738.0,5.2944,2.1859,3.1523,False,13.41
K08246.01,425.6497,1.0826,1.58,Super-Earth,0.934,6067.0,1.7359,1.2517,1.805,False,13.855
K08249.01,309.1918,0.9224,1.96,Super-Earth,1.095,6299.0,4.3455,1.9804,2.8559,False,12.746
K00641.01,14.8519,0.1035,2.73,Mini-Neptune,0.671,4129.0,0.1109,0.3164,0.4562,False,13.583
K06941.01,1.9273,0.0304,45.99,Super-Jupiter,1.009,6057.0,1.4879,1.1588,1.6711,False,13.943
K08205.01,260.4462,0.9615,25.39,Super-Jupiter,1.748,4845.0,30.0475,5.2075,7.5097,False,12.766
K07991.01,11.9451,0.1175,3.32,Mini-Neptune,1.517,5094.0,10.4698,3.0739,4.4329,False,12.609
K00649.02,10.209,0.1013,0.92,Rocky (Earth-like),1.33,6188.0,3.0554,1.6606,2.3947,False,13.31
K00716.01,26.8932,0.1742,6.78,Gas Giant,0.975,6096.0,1.0215,0.9602,1.3846,False,13.754
K08107.01,578.8876,1.4386,1.69,Super-Earth,1.185,6180.0,4.8094,2.0834,3.0045,False,11.402
K08109.01,218.7711,0.8017,250.2,Super-Jupiter,1.436,3297.0,2423.1333,46.7641,67.4387,False,12.429
K08217.01,277.2512,0.8064,5.02,Gas Giant,0.91,6046.0,1.3167,1.0901,1.572,False,12.349
K08221.01,293.3864,0.883,1.35,Super-Earth,1.067,6392.0,2.6893,1.5579,2.2467,False,11.097
K00667.01,4.3052,0.0518,10.34,Gas Giant,1.0,5780.0,1.0014,0.9507,1.371,False,13.826
K08031.01,254.3367,0.9928,13.97,Super-Jupiter,2.018,5193.0,27.584,4.9894,7.1953,False,13.625
K08241.01,490.6394,1.3977,7.67,Gas Giant,1.513,5037.0,13.4008,3.4777,5.0152,False,13.227
K08246.01,425.6497,1.0826,1.58,Super-Earth,0.934,6067.0,1.7359,1.2517,1.805,False,13.855
K07923.01,395.1314,1.0007,0.97,Rocky (Earth-like),0.856,5060.0,0.4442,0.6332,0.9131,False,12.642
K08035.01,29.4856,0.2058,1.46,Super-Earth,1.337,6870.0,3.9564,1.8896,2.725,False,13.783
K08249.01,309.1918,0.9224,1.96,Super-Earth,1.095,6299.0,4.3455,1.9804,2.8559,False,12.746
K08253.01,400.1148,1.0645,0.95,Rocky (Earth-like),1.005,5547.0,0.705,0.7977,1.1503,True,13.521
K07932.01,502.2565,1.1135,1.03,Rocky (Earth-like),0.73,5637.0,0.6286,0.7532,1.0862,False,13.339
K08046.01,384.3771,1.2086,50.93,Super-Jupiter,1.594,4859.0,72.2941,8.0775,11.6486,False,12.656
K08257.01,9.4609,0.0783,0.54,Rocky (Earth-like),0.716,5485.0,0.5043,0.6746,0.9729,False,13.413
K07938.01,275.5603,0.902,2.33,Mini-Neptune,1.289,5989.0,7.025,2.5179,3.6311,False,11.663
K07940.01,188.881,0.6604,1.86,Super-Earth,1.077,6077.0,1.2212,1.0498,1.514,False,12.85
K08050.01,278.3893,0.963,6.81,Gas Giant,1.537,4951.0,10.1635,3.0286,4.3676,False,12.795
K08052.01,7.8687,0.0856,1.73,Super-Earth,1.351,6738.0,5.2944,2.1859,3.1523,False,13.41
K08054.01,43.9088,0.2909,7.33,Gas Giant,1.703,5216.0,12.2965,3.3313,4.8041,False,13.589
K00683.01,278.1244,0.8416,5.86,Gas Giant,1.028,5799.0,1.1186,1.0048,1.449,False,13.714
K00684.01,4.0349,0.0509,6.95,Gas Giant,1.079,5548.0,2.7327,1.5704,2.2647,False,13.831
K00686.01,52.5135,0.2674,12.43,Super-Jupiter,0.925,5589.0,0.8408,0.8711,1.2562,False,13.579
K08159.02,353.0186,1.0339,2.25,Mini-Neptune,1.183,6450.0,2.0715,1.3673,1.9718,False,13.971
K08163.01,370.9825,1.0102,119.96,Super-Jupiter,0.999,6028.0,3.1474,1.6854,2.4305,False,13.936
K08272.01,432.4279,1.144,1.14,Rocky (Earth-like),1.068,6263.0,1.4054,1.1262,1.6241,True,13.814
K00687.01,4.1784,0.053,3.13,Mini-Neptune,1.136,5746.0,2.7834,1.5849,2.2856,False,13.813
K08276.01,385.8587,1.1069,3.23,Mini-Neptune,1.215,6551.0,2.3597,1.4593,2.1045,False,13.993
K00696.01,7.0338,0.0809,2.61,Mini-Neptune,1.427,6122.0,4.7139,2.0626,2.9745,False,13.357
K08174.01,295.0607,0.7731,0.64,Rocky (Earth-like),0.708,5332.0,0.4211,0.6165,0.889,True,11.922
K08076.01,71.1068,0.3498,1.42,Super-Earth,1.129,6339.0,2.1704,1.3996,2.0183,False,13.74
K08082.01,8.2766,0.0936,2.48,Mini-Neptune,1.596,6787.0,14.4283,3.6085,5.2039,False,12.43
K08180.01,185.9753,0.8099,2.76,Mini-Neptune,2.049,7365.0,34.9387,5.6154,8.0979,False,10.554
K08183.01,5.8877,0.0643,0.6,Rocky (Earth-like),1.022,6065.0,1.0887,0.9912,1.4295,False,13.811
K08089.01,141.4003,0.7905,41.55,Super-Jupiter,3.295,4936.0,118.3507,10.335,14.9041,False,12.783
K08297.01,229.9575,0.8343,43.78,Super-Jupiter,1.465,6419.0,6.4451,2.4118,3.478,False,10.505
K07978.01,7.2682,0.0821,1.66,Super-Earth,1.398,6297.0,6.9461,2.5038,3.6107,False,13.729
K07988.01,333.4862,1.2223,19.3,Super-Jupiter,2.19,4989.0,34.0253,5.5415,7.9914,False,10.998
